FIRST_NAME,LAST_NAME,POSITION,HEIGHT_WO_SHOES_FT_IN,HEIGHT_W_SHOES_FT_IN,WEIGHT,WINGSPAN_FT_IN,STANDING_REACH_FT_IN,BODY_FAT_PCT,HAND_LENGTH,HAND_WIDTH
Adam,Allenspach,C,6' 11.5'',,259,7' 0.5'',8' 11'',12.4,,
Gilbert,Arenas,SG,6' 2.25'',,199,6' 9.5'',8' 3.5'',5.3,,
Brandon,Armstrong,SG,6' 3.5'',,188,6' 9.5'',8' 3.5'',9.3,,
Shane,Battier,SF-PF,6' 8.25'',,229,6' 10.5'',8' 9'',9.3,,
Cookie,Belcher,SG-PG,6' 3'',,206,6' 8.5'',8' 3'',5.3,,
Charlie,Bell,PG,6' 2.5'',,200,6' 7.5'',8' 1.5'',6.7,,
Ruben,Boumtje-Boumtje,C,6' 11.5'',,245,7' 4'',9' 3'',6.0,,
Calvin,Bowman,PF,6' 8.75'',,214,6' 11.5'',8' 8'',8.6,,
Michael,Bradley,PF,6' 9.5'',,227,7' 1.5'',8' 11'',9.3,,
Jamison,Brewer,PG,6' 2.5'',,178,6' 8.75'',8' 6.5'',6.7,,
Kwame,Brown,PF-C,6' 10'',,243,7' 1'',9' 0'',8.9,,
Damone,Brown,SF,6' 8.25'',,202,6' 11.75'',8' 8.5'',6.7,,
SirValiant,Brown,PG,5' 11'',,176,6' 4'',7' 8.5'',6.7,,
Ryan,Carroll,SF-SG,6' 4'',,202,6' 8.25'',8' 3'',8.0,,
Tyson,Chandler,SF-PF,6' 11.5'',,224,7' 3'',9' 2'',6.7,,
Eric,Chenowith,C,7' 1'',,264,7' 4'',9' 3'',12.9,,
Sam,Clancy,PF,6' 6.25'',,242,7' 2.75'',8' 11'',8.0,,
Gyasi,Cline-Heard,PF,6' 6.25'',,231,6' 11.5'',8' 7'',8.0,,
Jason,Collins,PF-C,6' 10.25'',,251,7' 4.5'',9' 2'',12.9,,
Jarron,Collins,C-PF,6' 9.25'',,252,7' 3'',8' 8'',15.2,,
Omar,Cook,PG,5' 11.5'',,189,6' 5.5'',7' 8'',5.5,,
Eddy,Curry,C,6' 10.5'',,301,7' 6.5'',9' 3'',16.5,,
Tate,Decker,SF,6' 9.25'',,218,6' 11.75'',8' 11'',13.6,,
DeSagana,Diop,C,6' 10'',,314,7' 6.5'',9' 5'',21.0,,
Robb,Dryden,C,7' 1'',,241,7' 2.5'',9' 2.25'',8.0,,
Maurice,Evans,SG,6' 4.25'',,221,6' 8'',8' 5'',4.0,,
Anthony,Evans,PF,6' 6'',,267,6' 11.5'',8' 5.5'',12.9,,
Benjamin,Eze,C-PF,6' 8.75'',,232,7' 6'',9' 1'',3.9,,
Kimani,Ffriend,C-PF,6' 9.5'',,228,6' 10.75'',9' 0.5'',11.7,,
Alton,Ford,PF,6' 8.25'',,271,6' 10.5'',8' 6.5'',8.0,,
Joseph,Forte,SG,6' 3.5'',,193,6' 6.5'',8' 4.5'',,,
Jason,Gardner,PG,5' 9.75'',,188,6' 1.25'',7' 8.5'',8.0,,
Jerry,Green,PG-SG,6' 1.5'',,179,6' 6.25'',8' 3'',5.5,,
Kenny,Gregory,SF,6' 3.5'',,200,6' 11.25'',8' 5'',6.7,,
Eddie,Griffin,PF-SF,6' 9.25'',,222,7' 3'',9' 2'',4.0,,
Trenton,Hassell,SG-SF,6' 4.25'',,205,6' 8'',8' 3.5'',5.3,,
Kirk,Haston,PF-SF,6' 8'',,242,7' 0.25'',8' 10'',10.5,,
Charles,Hathaway,C,6' 8'',,274,7' 2'',8' 11.5'',,,
Brendan,Haywood,C,6' 11.75'',,266,7' 6.5'',9' 5.5'',12.9,,
Michael,Hicks,SG,6' 4'',,197,6' 9.25'',8' 4.5'',7.3,,
Steven,Hunter,C-PF,6' 10.25'',,224,7' 4'',9' 0'',5.3,,
Andre,Hutson,PF,6' 8.25'',,244,6' 11.75'',8' 9.5'',11.7,,
Nate,James,SF,6' 4.75'',,196,6' 10.75'',8' 7'',6.0,,
Richard,Jefferson,SF,6' 7.25'',,223,7' 0'',8' 7'',6.7,,
Horace,Jenkins,PG,5' 11.75'',,171,6' 5.25'',8' 1'',6.0,,
Darrell,Johns,C,6' 11.25'',,278,7' 5'',9' 3.5'',19.1,,
Joe,Johnson,SF-SG,6' 6.75'',,226,6' 9'',8' 9'',6.7,,
Ken,Johnson,C,6' 10.75'',,227,7' 4'',9' 1.5'',9.9,,
Darren,Kelly,SG-PG,6' 2'',,178,6' 6.75'',8' 4'',6.7,,
Sean,Lampley,SF,6' 5.5'',,213,6' 9.25'',8' 5'',8.0,,
Zach,Marbury,PG-SG,6' 1.25'',,183,6' 3.5'',8' 0.5'',6.7,,
Mike,Mardesich,C-PF,6' 10.25'',,247,7' 0.5'',9' 0.5'',13.6,,
DeMarcus,Minor,SG,6' 3.25'',,207,6' 8.25'',8' 3.5'',6.7,,
Jamario,Moon,SF,6' 6.5'',,185,6' 11.5'',8' 7'',5.3,,
Troy,Murphy,PF,6' 9.75'',,230,6' 11'',8' 9.5'',11.7,,
Troy,Ostler,PF-SF,6' 8.75'',,200,7' 1.5'',8' 10.5'',8.0,,
Lazaros,Papadopoulos,C-PF,6' 10.25'',,227,7' 2.5'',9' 2.5'',11.7,,
Rashad,Phillips,PG,5' 9'',,166,6' 1.5'',7' 8'',12.4,,
Demetrius,Porter,PG,5' 10.75'',,178,6' 2.75'',7' 10'',12.4,,
Martin,Rancik,PF-SF,6' 8.75'',,230,6' 8'',8' 6.5'',8.0,,
Jason,Richardson,SF-SG,6' 4.75'',,213,6' 11.5'',8' 6.5'',5.3,,
Norman,Richardson,SG,6' 3.5'',,180,6' 4.5'',8' 3'',6.0,,
Jeryl,Sasser,PG-SG,6' 5.5'',,194,6' 10.5'',8' 7.5'',6.7,,
Kenny,Satterfield,PG,6' 1'',,176,6' 4.5'',8' 2'',6.7,,
Brian,Scalabrine,PF-SF,6' 8.75'',,241,6' 9.75'',8' 9.5'',13.6,,
Lee,Scruggs,PF-SF,6' 10.25'',,209,7' 5.75'',9' 2.5'',10.5,,
Bobby,Simmons,SF,6' 6.25'',,235,7' 0.25'',8' 9'',6.7,,
Will,Solomon,PG-SG,5' 11.75'',,172,6' 9.5'',8' 3.5'',4.0,,
Greg,Stevenson,SF,6' 3.75'',,215,7' 0.5'',8' 6'',7.3,,
Damone,Thornton,PF,6' 6.75'',,235,7' 1.75'',8' 7.75'',8.0,,
Jamaal,Tinsley,PG,6' 0.75'',,199,6' 7.5'',8' 1.5'',13.6,,
Tory,Walker,SF,6' 6.75'',,187,6' 11.25'',8' 8.5'',6.7,,
Souleymane,Wane,C,6' 8.5'',,235,7' 5'',9' 1'',11.2,,
Earl,Watson,PG,6' 0'',,184,6' 6.75'',8' 1'',4.0,,
Rodney,White,SF,6' 7.5'',,243,6' 11.5'',8' 8.5'',9.3,,
Loren,Woods,C-PF,7' 0.75'',,246,7' 5.5'',9' 5'',9.3,,
Brent,Wright,PF-SF,6' 7.75'',,236,7' 1.5'',8' 9.5'',12.4,,
Michael,Wright,PF,6' 7'',,247,6' 11.5'',8' 10.5'',9.3,,
Nene,,PF,6' 9.25'',,253,7' 4.5'',9' 1'',,,
Robert,Archibald,PF-C,6' 10'',,250,6' 11.75'',9' 1.5'',,,
Maurice,Baker,PG,5' 11.75'',,178,6' 4'',8' 0'',,,
Matt,Barnes,SF,6' 6.75'',,226,6' 9'',8' 0.5'',,,
Lubos,Barton,SF-SG,6' 6.5'',,221,7' 0'',8' 11'',,,
Lonny,Baxter,PF-C,6' 6.25'',,264,7' 1.5'',8' 11.5'',,,
Lee,Benson,SF-PF,6' 8.25'',,217,7' 1.75'',9' 1'',,,
Carlos,Boozer,PF,6' 7.75'',,258,7' 2.25'',9' 0.5'',,,
Curtis,Borchardt,C,6' 10.75'',,238,7' 2.5'',9' 4'',,,
J.R.,Bremer,SG-PG,6' 1.25'',,188,6' 2.25'',8' 0'',,,
Brian,Brown,PG-SG,6' 2.5'',,194,6' 7'',8' 3'',,,
Sylvere,Bryan,PF,6' 9'',,226,7' 4.5'',9' 1.5'',,,
Chris,Burgess,C,6' 10'',,246,6' 11.5'',9' 1'',,,
Caron,Butler,SF-SG,6' 5.25'',,222,6' 11.5'',8' 7.5'',,,
Rasual,Butler,SF,6' 6.75'',,198,7' 0'',8' 9.5'',,,
Mire,Chatman,PG-SG,6' 0'',,174,6' 6'',8' 2'',,,
Chris,Christoffersen,C,7' 0.75'',,291,7' 3.5'',9' 1'',,,
Lenny,Cooke,SG-SF,6' 5.5'',,214,7' 1'',8' 11'',,,
Craig,Dawson,SG-SF,6' 3.5'',,200,6' 6.25'',8' 6'',,,
Mike,Dunleavy,SF,6' 8'',,230,6' 9'',8' 10'',,,
Teddy,Dupay,PG,5' 9.5'',,178,5' 10.75'',7' 6.5'',,,
Corsley,Edwards,PF,6' 7.25'',,285,6' 10.75'',8' 10.5'',,,
Andy,Ellis,PF,6' 9.25'',,220,6' 10.25'',8' 6'',,,
Melvin,Ely,PF,6' 9'',,240,7' 4'',9' 3'',,,
Reggie,Evans,PF,6' 7.5'',,250,7' 2.5'',8' 11.5'',,,
Peter,Fehse,PF-C,6' 10'',,220,7' 0.5'',9' 1'',,,
Drew,Gooden,PF,6' 8.75'',,227,7' 0.5'',8' 10.5'',,,
David,Graves,SG,6' 4.5'',,212,6' 7'',8' 5'',,,
Lynn,Greer,PG,6' 0.25'',,170,6' 1'',7' 10.5'',,,
Rod,Grizzard,SF-SG,6' 6'',,193,7' 0'',8' 11'',,,
Anthony,Grundy,PG-SG,6' 0.75'',,167,6' 7.75'',8' 3'',,,
Marcus,Haislip,PF,6' 8.5'',,221,7' 0'',8' 11'',,,
Damon,Hancock,SG-PG,6' 2.75'',,203,6' 6'',8' 3.5'',,,
Greg,Harrington,PG,6' 1'',,183,6' 3.75'',8' 1'',,,
Udonis,Haslem,PF,6' 7.75'',,250,6' 11'',8' 11'',,,
Cordell,Henry,PG,5' 8'',,155,6' 1'',7' 8'',,,
Randy,Holcomb,SF-PF,6' 7'',,225,7' 1'',8' 9'',,,
Ryan,Humphrey,PF-SF,6' 6'',,223,7' 0'',8' 8.5'',,,
Jared,Jeffries,PF,6' 10'',,230,7' 0.5'',9' 1'',,,
Jason,Jennings,C,6' 11.25'',,249,7' 7'',9' 3'',,,
Fred,Jones,SG,6' 2.25'',,218,7' 0'',8' 4'',,,
Lonnie,Jones,C-PF,6' 10.25'',,230,7' 2.25'',9' 4'',,,
Mario,Kasun,C,6' 11.75'',,260,6' 11.5'',9' 1'',,,
Sean,Kennedy,PG,6' 0.75'',,182,6' 2.5'',8' 0'',,,
Kris,Lang,C-PF,6' 9.25'',,242,6' 11.75'',9' 1'',,,
Muhammed,Lasege,C-PF,6' 8.75'',,228,7' 2'',9' 0.5'',,,
Steve,Logan,PG,5' 10'',,207,5' 11.75'',7' 8.5'',,,
Kevin,Lyde,C-PF,6' 8.75'',,278,7' 2'',9' 1.5'',,,
Tito,Maddox,PG,6' 3'',,200,6' 5'',8' 3'',,,
Kei,Madison,SF,6' 7.75'',,216,7' 0.5'',8' 11'',,,
Chris,Massie,PF,6' 6.25'',,248,7' 0'',8' 11'',,,
Immanuel,McElroy,SG,6' 2.25'',,191,6' 6.5'',8' 4'',,,
Aaron,McGhee,PF-SF,6' 7'',,255,6' 10'',8' 9.5'',,,
Elvin,Mims,SF-SG,6' 4.25'',,211,7' 1.5'',8' 9.5'',,,
Byron,Mouton,SG-SF,6' 4.5'',,213,6' 10.25'',8' 6'',,,
Ronald,Murray,SG,6' 3'',,197,6' 7.5'',8' 4.5'',,,
Uche,Okafor,PF-C,6' 9'',,229,7' 5.5'',9' 4'',,,
Chris,Owens,PF-SF,6' 7'',,237,6' 11.5'',8' 8'',,,
Jannero,Pargo,PG,6' 0.25'',,168,6' 2.5'',8' 0'',,,
Smush,Parker,PG-SG,6' 2.5'',,179,6' 10'',8' 11.5'',,,
Luke,Recker,SG-SF,6' 4.75'',,198,6' 7'',8' 5'',,,
Rolan,Roberts,PF,6' 5.75'',,241,7' 1'',8' 9.5'',,,
Travis,Robinson,SF,6' 5.25'',,211,6' 10.5'',8' 8.5'',,,
Kareem,Rush,SG-SF,6' 4.75'',,199,6' 9.75'',8' 7.5'',,,
Brooks,Sales,PF-C,6' 9'',,232,6' 10'',9' 0'',,,
John,Salmons,SF-SG,6' 5.5'',,207,6' 10.25'',8' 8'',,,
Predrag,Savovic,SG,6' 4.75'',,212,6' 7'',8' 6'',,,
Julian,Sensley,PF-SF,6' 7'',,228,6' 11.5'',8' 9.5'',,,
Israel,Sheinfeld,PF-C,6' 8.25'',,239,6' 9.75'',8' 10.5'',,,
Preston,Shumpert,SF,6' 6'',,197,6' 8.5'',8' 7.5'',,,
Tamar,Slay,SF,6' 6.75'',,203,6' 11.5'',8' 8'',,,
Darius,Songaila,PF,6' 8'',,240,7' 1'',9' 0.5'',,,
Amar'e,Stoudemire,PF,6' 8.5'',,233,7' 1.75'',9' 0.5'',,,
Marcus,Taylor,PG,6' 1'',,181,6' 4.5'',8' 2.5'',,,
Jobey,Thomas,SG,6' 2.75'',,183,6' 5.75'',8' 3.5'',,,
Dajuan,Wagner,PG-SG,6' 0.75'',,193,6' 2'',8' 3'',,,
Chris,Wilcox,PF-C,6' 8.25'',,218,7' 1'',8' 11.5'',,,
Jay,Williams,PG,6' 0.25'',,197,6' 3.5'',8' 1'',,,
Frank,Williams,PG,6' 1.5'',,212,6' 8'',8' 4.5'',,,
George,Williams,PF-SF,6' 5.75'',,214,7' 0.5'',8' 7'',,,
Qyntel,Woods,SF-SG,6' 7'',,213,6' 10'',8' 9'',,,
Vincent,Yarbrough,SF,6' 5.5'',,202,7' 0.5'',8' 8.5'',,,
Aloysius,Anagonye,PF,6' 6.75'',,257,7' 2.5'',8' 10'',10.5,,
Rick,Anderson,SF-PF,6' 8.25'',,216,6' 11'',8' 10.5'',9.9,,
Carmelo,Anthony,SF,6' 6.25'',,233,7' 0'',8' 9.5'',8.0,,
Jerome,Beasley,SF-PF,6' 9'',,237,7' 0.5'',8' 11'',9.9,,
Troy,Bell,PG,6' 0.25'',,178,6' 5'',8' 1.5'',5.3,,
LaVell,Blanchard,SF,6' 6'',,205,6' 6'',8' 5.5'',11.7,,
Keith,Bogans,SG,6' 4.25'',,213,6' 9.25'',8' 5'',8.0,,
Matt,Bonner,PF-SF,6' 8.5'',,242,6' 8.75'',8' 9.5'',13.6,,
Chris,Bosh,PF,6' 10.25'',,225,7' 3.5'',9' 1'',8.0,,
Jermaine,Boyette,PG-SG,6' 1'',,187,6' 4'',8' 0'',7.3,,
Souleymane,Camara,PF-SF,6' 9.75'',,211.0,7' 2.25'',9' 1'',9.9,,
Matt,Carroll,SG-SF,6' 5'',,207,6' 6.5'',8' 2.5'',6.7,,
Nick,Collison,PF,6' 8.75'',,255,7' 1.5'',9' 0'',17.0,,
Brian,Cook,PF-SF,6' 9.5'',,234,7' 2'',9' 1'',10.5,,
Joel,Cornette,PF-SF,6' 8.25'',,239,6' 9.25'',8' 9.5'',12.9,,
Marquis,Daniels,SG-PG,6' 5.25'',,198,6' 10'',8' 7.5'',4.0,,
Aleksander,Djuric,C-PF,6' 10'',,253,7' 0'',9' 0'',16.3,,
Ruben,Douglas,SG,6' 3.5'',,193,6' 7.25'',8' 4.5'',6.0,,
Ronald,Dupree,SF-SG,6' 6'',,209,6' 8.25'',8' 5'',6.7,,
Carl,English,SG-PG,6' 4'',,201,6' 5.25'',8' 2.5'',8.0,,
Ebi,Ere,SG,6' 3.5'',,210,6' 10.5'',8' 6'',14.1,,
Marquis,Estill,PF-C,6' 8.5'',,257,7' 4'',9' 0'',11.7,,
T.J.,Ford,PG,5' 11'',,162,5' 11.5'',7' 9.5'',6.7,,
Jason,Gardner,PG,5' 9.75'',,194,6' 1'',7' 8'',9.3,,
Willie,Green,SG-PG,6' 2.5'',,201,6' 7.25'',8' 4'',8.0,,
Justin,Hamilton,PG-SG,6' 3'',,217,6' 11'',8' 7'',8.0,,
Travis,Hansen,SG,6' 4.5'',,200,6' 6.5'',8' 4.5'',6.0,,
Trevor,Harvey,C-PF,6' 9.5'',,245,7' 1'',9' 1.5'',10.5,,
Marcus,Hatten,PG,6' 0.75'',,163,6' 6.25'',8' 2'',4.0,,
Kirk,Hinrich,PG-SG,6' 2.75'',,186,6' 6'',8' 2.5'',5.3,,
Jerry,Holman,PF,6' 8.75'',,232,7' 3.25'',9' 1.5'',6.0,,
Sam,Hoskin,PF,6' 7.25'',,261,6' 10.75'',8' 11.5'',,,
Josh,Howard,SF-SG,6' 5.25'',,202,7' 2'',8' 9.5'',6.0,,
Brandon,Hunter,PF,6' 6.5'',,266,7' 2.75'',8' 9.5'',8.0,,
Sani,Ibrahim,C-PF,6' 8.5'',,229,7' 1'',9' 1.5'',9.3,,
Michael,Ignerski,PF-SF,6' 9.5'',,232,6' 10.75'',8' 11'',10.5,,
Robert,Jackson,PF-C,6' 7.75'',,254,7' 0'',8' 11.5'',15.9,,
LeBron,James,SF-SG,6' 7.25'',,245,7' 0.25'',8' 10.25'',6.7,,
Britton,Johnsen,SF-PF,6' 10'',,212,6' 10.75'',8' 11.5'',7.3,,
Dahntay,Jones,SG-SF,6' 4.75'',,214,6' 9'',8' 6.5'',2.6,,
James,Jones,SF,6' 7.25'',,218,7' 2.5'',8' 11.5'',6.7,,
Chris,Kaman,C-PF,6' 11.5'',,252,6' 11.75'',9' 2.5'',16.3,,
Jason,Kapono,SG-SF,6' 6.5'',,215,6' 6.5'',8' 6'',11.7,,
Jason,Keep,C-PF,6' 9.75'',,270,7' 0.5'',8' 10.5'',8.6,,
Bernard,King,SG-PG,6' 3.75'',,200,6' 5.5'',8' 2.5'',12.9,,
Brandin,Knight,PG,5' 11.75'',,190,6' 6'',7' 11.5'',10.5,,
Kyle,Korver,SF,6' 6.25'',,211,6' 9.5'',8' 6.5'',6.7,,
James,Lang,C-PF,6' 8.25'',,316,7' 6.25'',9' 2'',21.4,,
Donald,Little,PF-C,6' 9.5'',,229,7' 3'',8' 1'',7.3,,
Chris,Marcus,C,7' 0'',,334,7' 8'',9' 6'',23.1,,
Chris,Massie,PF-C,6' 6.5'',,259,7' 1'',8' 10.5'',14.8,,
Will,McDonald,C-PF,6' 9.5'',,258,7' 3.5'',9' 1.5'',13.6,,
Darko,Milicic,PF,6' 11.5'',,250,7' 5'',9' 3.5'',8.0,,
Jeff,Newton,PF,6' 8'',,199,7' 1'',8' 10'',5.3,,
Uche,Nsonwu-Amadi,PF-C,6' 7.75'',,246,7' 3.75'',8' 10.5'',6.0,,
Ugonna,Okyekwe,SF,6' 7.25'',,228,7' 3'',9' 1'',4.3,,
Marlon,Parmer,PG,6' 0.75'',,184,6' 3.5'',8' 1'',9.3,,
Stephane,Pelle,PF-SF,6' 7'',,246,7' 2'',8' 11'',12.4,,
Kirk,Penney,SG-SF,6' 5'',,218,6' 5.25'',8' 1'',8.0,,
Pavel,Podkolzin,C,7' 3.5'',,303,7' 5.75'',9' 8'',16.3,,
Josh,Powell,PF-SF,6' 8'',,227,7' 1'',8' 11.5'',8.0,,
Hollis,Price,PG-SG,5' 11.5'',,165,6' 4.5'',7' 10.5'',7.3,,
Luke,Ridnour,PG,6' 1'',,167,6' 3'',7' 11.5'',5.3,,
Joe,Shipp,SG,6' 4'',,224,6' 10'',8' 7'',11.7,,
Ron,Slay,SF-PF,6' 6'',,236,6' 10'',8' 7.5'',16.3,,
Tommy,Smith,PF-SF,6' 9'',,200,7' 2.5'',8' 11.5'',6.7,,
Theron,Smith,PF-SF,6' 6.5'',,234,6' 10.25'',8' 8.5'',9.3,,
Marvin,Stone,C-PF,6' 9.5'',,261,7' 3.5'',9' 1.5'',17.4,,
Michael,Sweetney,PF,6' 7.25'',,262,7' 1'',8' 11.5'',14.1,,
Sasha,Vujacic,PG-SG,6' 5.5'',,193,6' 5.5'',8' 5'',14.1,,
Dwyane,Wade,SG-SF,6' 3.75'',,212,6' 10.75'',8' 6'',6.7,,
Wayne,Wallace,PF,6' 7.25'',,187,7' 2'',9' 0'',4.6,,
Luke,Walton,SF-PF,6' 7.75'',,235,6' 8.5'',8' 8'',9.3,,
David,West,PF-SF,6' 8.25'',,226,7' 4.25'',9' 0.25'',8.0,,
Mo,Williams,PG-SG,6' 0.75'',,189,6' 5.5'',8' 2.5'',6.7,,
Wesley,Wilson,C-PF,6' 10.25'',,257,7' 3'',9' 2.5'',12.4,,
Doug,Wrenn,SF-PF,6' 5.75'',,220,7' 7.5'',8' 4.5'',7.3,,
Derrick,Zimmerman,PG,6' 1'',,190,6' 9'',8' .25'',5.3,,
Tony,Allen,SG,6' 3.5'',6' 4.25'',214,6' 9'',8' 6'',6.7,,
Trevor,Ariza,SG-SF,6' 7'',6' 8.25'',201,7' 2'',8' 11.5'',8.0,,
Andre,Barrett,PG,5' 8.75'',5' 9.75'',171,6' 1'',7' 8'',6.7,,
Brandon,Bass,PF,6' 6.25'',6' 7.25'',246,7' 2.5'',8' 10.5'',9.3,,
Andris,Biedrins,C,,,,,,9.3,,
Tony,Bobbitt,SG,6' 2.75'',6' 4'',185,6' 7'',8' 4'',7.3,,
Brian,Boddicker,SF-PF,6' 7.5'',6' 8.75'',230,6' 10'',8' 9.5'',11.2,,
Tim,Bowers,PG-SG,6' 0.5'',6' 1.75'',181,6' 9'',8' 2'',2.6,,
Andre,Brown,PF-C,6' 8'',6' 9.5'',236,6' 11'',8' 11'',6.0,,
Antonio,Burks,PG,6' 0'',6' 0.75'',191,6' 6.5'',8' 0.5'',9.9,,
Jackie,Butler,C,6' 8'',6' 9.5'',263,7' 1.5'',9' 1'',16.3,,
Aleksandar,Capin,PG,6' 0'',6' 1.25'',176,6' 1.5'',7' 10'',9.3,,
Ales,Chan,C,7' 0'',7' 2'',255,7' 3'',9' 5'',14.8,,
Josh,Childress,SG-SF,6' 5.75'',6' 7.25'',196,6' 11'',8' 9'',9.3,,
TJ,Cummings,SF,6' 7.5'',6' 8.75'',215,6' 9.5'',8' 10.5'',6.7,,
Erik,Daniels,SF-PF,6' 6.25'',6' 7.5'',223,6' 11'',8' 10'',18.5,,
Luol,Deng,SF,6' 7'',6' 8'',220,7' 0.5'',9' 0.5'',6.7,,
Marcus,Douthit,C-PF,6' 9.5'',6' 11'',223,7' 4'',9' 3.5'',13.7,,
Chris,Duhon,PG,6' 0'',6' 1.25'',193,6' 6.5'',8' 2'',6.7,,
John,Edwards,C,6' 11.25'',7' 1'',264,7' 4.5'',9' 5'',14.1,,
Andre,Emmett,SG-SF,6' 3.5'',6' 4.5'',216,6' 9'',8' 4'',6.7,,
Desmon,Farmer,SG,6' 4.5'',6' 5.75'',214,6' 8.5'',8' 7'',5.3,,
Luis,Flores,PG-SG,6' 0.5'',6' 1.75'',202,6' 7.5'',8' 2.5'',6.0,,
Matt,Freije,SF-PF,6' 8.25'',6' 9.5'',234,7' 1'',9' 0.5'',10.8,,
Chris,Garnett,C-PF,6' 8.25'',6' 9.75'',260,7' 1'',9' 0'',14.8,,
Ryan,Gomes,SF-PF,6' 6.5'',6' 7.75'',248,7' 2'',8' 10.5'',,,
Ben,Gordon,PG-SG,6' 1'',6' 2.25'',192,6' 8.5'',8' 3'',5.3,,
Devin,Harris,PG,6' 1.75'',6' 3'',170,6' 7.5'',8' 2.5'',5.3,,
Dwight,Howard,PF-C,6' 9'',6' 10.25'',240,7' 4.5'',9' 3.5'',10.5,,
Rolando,Howell,PF,6' 7.5'',6' 8.5'',229,7' 0.5'',8' 11'',11.7,,
Kris,Humphries,PF,6' 8.25'',6' 9.5'',238,7' 0.5'',8' 10.5'',6.7,,
Andre,Iguodala,SG-SF,6' 5.75'',6' 6.75'',217,6' 11'',8' 9.5'',6.7,,
Martin,Iti,C-PF,6' 8.5'',6' 9.75'',233,7' 5'',9' 3.5'',10.5,,
Luke,Jackson,SF-SG,6' 6'',6' 7'',212,6' 8.5'',8' 7'',8.0,,
Al,Jefferson,PF-SF,6' 8.5'',6' 9.75'',263,7' 2.5'',9' 2'',10.5,,
Arthur,Johnson,PF-C,6' 7'',6' 8.5'',262,7' 3'',9' 1'',16.3,,
Ivan,Koljevic,PG,6' 1'',6' 2'',172,6' 2.5'',7' 11'',6.7,,
Herve,Lamizana,SF-PF,6' 7.5'',6' 8.5'',210,7' 1.5'',8' 11'',6.7,,
Sergei,Lishouk,PF-SF,6' 10.25'',6' 11.5'',244,7' 0'',9' 1.5'',10.5,,
Shaun,Livingston,PG-SG,6' 6.25'',6' 7.5'',186,6' 11'',8' 9.5'',6.7,,
Jaime,Lloreda,PF,6' 6.75'',6' 8.5'',247,6' 9.5'',8' 11'',9.9,,
Bryant,Matthews,SF-SG,6' 5.75'',6' 6.75'',206,7' 0.5'',8' 9.5'',6.7,,
Marcus,Melvin,SF-PF,6' 6.75'',6' 8.5'',241,7' 0'',8' 9.5'',10.5,,
Rich,Melzer,PF-SF,6' 7.5'',6' 8.75'',229,7' 2'',8' 11'',12.4,,
Ricky,Minard,PG-SG,6' 3.25'',6' 4.25'',198,6' 7'',8' 5.5'',8.0,,
James,Moore,PF-SF,6' 6.5'',6' 8'',198,7' 0.5'',8' 11'',8.0,,
Marcus,Moore,PG-SG,6' 4'',6' 5.25'',202,6' 9'',8' 5.5'',14.8,,
Michel,Morandais,SG-SF,6' 3.75'',6' 4.75'',205,6' 11.5'',8' 6'',8.6,,
Jameer,Nelson,PG,5' 11'',6' 0.5'',199,6' 2.5'',7' 11'',8.0,,
Misan,Nikagbatse,SG-PG,6' 3.5'',6' 4.75'',223,6' 10'',8' 6'',12.9,,
Emeka,Okafor,C-PF,6' 8.75'',6' 10'',257,7' 4'',9' 2.5'',5.3,,
Randall,Orr,PF-SF,6' 9'',6' 10.75'',193,6' 10.5'',8' 11.5'',6.7,,
Dylan,Page,SF,6' 7.5'',6' 8.75'',239,6' 7'',8' 9'',12.3,,
Drago,Pasalic,PF,6' 9.25'',6' 10.75'',231,6' 11.5'',9' 0'',12.9,,
Rickey,Paulding,SG,6' 2.75'',6' 4'',210,6' 9.5'',8' 5.5'',5.3,,
Kelvin,Pena,SG-PG,6' 2.25'',6' 3.25'',182,6' 6.5'',8' 3.5'',8.6,,
Tim,Pickett,PG-SG,6' 3'',6' 4.25'',207,6' 7.5'',8' 4.5'',6.0,,
Omar,Quintero,PG,5' 9.75'',5' 11.25'',170,5' 11.5'',7' 8.5'',14.1,,
Peter,Ramos,C,7' 1.75'',7' 3.25'',266,7' 5.5'',9' 3.5'',6.7,,
Jared,Reiner,C-PF,6' 10'',6' 11.75'',246,7' 0.5'',9' 1'',12.9,,
Lawrence,Roberts,PF,6' 7.5'',6' 9'',233,6' 9.5'',8' 10.5'',9.3,,
Bernard,Robinson,SG-SF,6' 5.25'',6' 6.5'',208,6' 10'',8' 6'',6.0,,
Nate,Robinson,PG,5' 7.75'',5' 9'',181,6' 1'',7' 7.5'',6.7,,
Aerick,Sanders,PF,6' 6.5'',6' 7.5'',205,6' 11.5'',8' 10'',6.7,,
Romain,Sato,SG,6' 2'',6' 3.25'',204,6' 11'',8' 6.5'',6.0,,
Blagota,Sekulic,SF-PF,6' 9.25'',6' 10.5'',234,6' 11'',8' 11'',9.3,,
Josh,Smith,SG-SF,6' 7'',6' 8.25'',221,7' 0'',8' 10.5'',6.7,,
J.R.,Smith,SG-SF,6' 5.5'',6' 6.75'',227,6' 10'',8' 8'',6.7,,
Kirk,Snyder,SG-SF,6' 6'',6' 6.75'',228,6' 9'',8' 8'',9.3,,
Pape,Sow,PF-C,6' 8.5'',6' 10'',233,7' 2'',9' 0.5'',9.3,,
Tiago,Splitter,C-PF,6' 10.25'',6' 11.75'',233,7' 2'',9' 1.5'',5.3,,
Blake,Stepp,PG,,,,,,8.0,,
Tom,Timmerrmans,PF-C,6' 10.5'',6' 11.5'',272,6' 11'',8' 11.5'',15.2,,
Marko,Tomas,SG-PG,6' 6.5'',6' 7.75'',198,6' 7'',8' 7.5'',9.3,,
Beno,Udrih,PG,6' 2.5'',6' 3.75'',199,6' 4.5'',8' 2'',9.3,,
Jackson,Vroman,PF-C,6' 9.25'',6' 10.75'',226,7' 0'',8' 9.5'',6.7,,
Delonte,West,PG-SG,6' 1.5'',6' 2.75'',183,6' 6'',8' 3.5'',6.7,,
Damien,Wilkins,SG-SF,6' 4.5'',6' 6'',222,7' 0'',8' 10'',7.3,,
Mike,Williams,SF,6' 5.5'',6' 6.5'',197,6' 11.5'',8' 9.5'',9.3,,
Nate,Williams,PF-SF,6' 8.5'',6' 10'',240,7' 1.5'',9' 1.5'',12.4,,
Rashad,Wright,PG,6' 0.5'',6' 1.75'',190,6' 10'',8' 2.5'',8.0,,
Alex,Acker,SG,6' 3.75'',6' 4.75'',183,7' 0'',8' 6.5'',,,
Deji,Akindele,C-PF,6' 9.5'',6' 11'',236.4,7' 3'',9' 0.5'',,,
Mustafa,Al-Sayyad,PF-C,,,,,,,,
Nemanja,Aleksandrov,PF-SF,6' 10'',7' 0'',220.6,6' 11'',9' 2'',,,
Alan,Anderson,SG-SF,6' 4.5'',6' 6'',223.2,6' 9.5'',8' 8'',,,
Martynas,Andriuskevicius,C-PF,7' 1.25'',7' 3'',227.8,6' 11.25'',9' 4.5'',,,
Sean,Banks,SF,6' 5.75'',6' 7'',206.4,7' 1'',9' 0'',,,
Eddie,Basden,SG-SF,6' 4.25'',6' 5.5'',210,6' 10.25'',8' 5'',,,
Mike,Bell,SF-PF,6' 8.75'',6' 9.25'',206.2,7' 1.5'',8' 8.5'',,,
Andrew,Bogut,C-PF,6' 11'',7' 0.25'',250.6,7' 3'',9' 2.5'',,,
Dee,Brown,PG-SG,5' 11'',6' 0'',179,6' 2'',7' 10'',,,
Will,Bynum,PG-SG,5' 10.5'',5' 11.5'',188.8,6' 3.5'',7' 9'',,,
Marcus,Campbell,C,6' 10.25'',7' 0.25'',280.4,7' 6'',9' 6'',,,
Will,Conroy,PG,6' 1'',6' 2'',188.6,6' 3'',8' 0.5'',,,
Taylor,Coppenrath,PF-SF,6' 7.75'',6' 9.25'',252.4,6' 11.5'',8' 10.5'',,,
Travis,Diener,PG-SG,5' 11.75'',6' 1'',165.2,5' 11.75'',7' 9.5'',,,
Ike,Diogu,PF,6' 6.5'',6' 8'',255.4,7' 3.5'',9' 1'',,,
Daryl,Dorsey,PG,5' 11.25'',6' 0.5'',160.8,5' 11.5'',7' 10'',,,
Monta,Ellis,SG-PG,6' 2.25'',6' 3.25'',176.6,6' 2.75'',8' 2'',,,
Raymond,Felton,PG,5' 11.5'',6' 0.25'',199.4,6' 4.25'',8' 2'',,,
Rudy,Fernandez,SG,6' 4.75'',6' 6'',172,6' 7.5'',8' 5.5'',,,
D'Or,Fischer,C-PF,6' 9.25'',6' 10.5'',242.4,7' 6'',9' 2.5'',,,
Eddy,Fobbs,C-PF,6' 10.25'',6' 11.25'',235.2,7' 6.75'',9' 3.5'',,,
Sharrod,Ford,PF,6' 7.25'',6' 8.25'',212.8,7' 1.5'',8' 10'',,,
Channing,Frye,PF-C,6' 9.5'',6' 10.5'',243.6,7' 2.5'',9' 2.5'',,,
Deng,Gai,PF-C,6' 7.75'',6' 9.25'',214,7' 4.5'',9' 2.5'',,,
Francisco,Garcia,SF-SG,6' 5.75'',6' 7'',189.6,6' 10.75'',8' 7'',,,
John,Gilchrist,PG,6' 1.25'',6' 2.5'',195.2,6' 9.25'',8' 0.5'',,,
Marcin,Gortat,PF-C,6' 11'',7' 0'',225.2,7' 3.5'',9' 2'',,,
Joey,Graham,SF,6' 5.25'',6' 6.5'',216.6,6' 8'',8' 8'',,,
Danny,Granger,,6' 7.5'',6' 8.5'',225.4,7' 1.5'',8' 7'',,,
Gerald,Green,SF,6' 6'',6' 7.25'',192,6' 9.75'',8' 8'',,,
Charles,Hayes,SF-PF,6' 5.5'',6' 6.75'',232.4,6' 10'',8' 8.5'',,,
Luther,Head,PG-SG,6' 2'',6' 3'',178.8,6' 5.25'',8' 2.5'',,,
Julius,Hodge,SG-SF,6' 6'',6' 7'',202.2,7' 0.5'',8' 11.5'',,,
Jared,Homan,C-PF,6' 7.75'',6' 8.75'',248.2,7' 1.25'',8' 8.5'',,,
Ersan,Ilyasova,SF,6' 7.75'',6' 9'',208.8,7' 1.25'',9' 1.5'',,,
Jarrett,Jack,PG,6' 2.5'',6' 3.5'',197.6,6' 7.5'',8' 4'',,,
Dwayne,Jones,C-PF,6' 8.5'',6' 10'',242.2,7' 2.75'',9' 0.5'',,,
Mindaugas,Katelynas,SF-PF,6' 7.5'',6' 8.5'',217,6' 11'',8' 9.5'',,,
Jason,Klotz,C-PF,6' 8.5'',6' 9.75'',249.4,6' 10'',8' 11.5'',,,
Carl,Krauser,PG-SG,5' 11.5'',6' 0.75'',193.4,6' 5.5'',8' 2.5'',,,
Keith,Langford,SG-SF,6' 2.25'',6' 3.5'',203.2,6' 9'',8' 5'',,,
David,Lee,PF,6' 7.75'',6' 9'',229.5,7' 0'',8' 10.5'',,,
David,Lucas,PF,6' 6.5'',6' 7.75'',233.4,7' 0'',8' 7.5'',,,
John,Lucas III,PG,5' 9.25'',5' 10.5'',154.4,6' 0'',7' 8'',,,
Rawle,Marshall,SG-SF,6' 4.5'',6' 5.75'',186.6,7' 1'',8' 8'',,,
Jason,Maxiell,PF,6' 5'',6' 6.25'',257.6,7' 3.25'',8' 11'',,,
Sean,May,PF,6' 7'',6' 8.5'',258.8,7' 1.25'',8' 9'',,,
Rashad,McCants,SG,6' 2.75'',6' 4'',201,6' 10.75'',8' 7.5'',,,
Ivan,McFarlin,PF,6' 5.5'',6' 6.75'',228.6,6' 9'',8' 9.5'',,,
Juan,Mendez,PF-SF,6' 5.25'',6' 6.75'',231.4,7' 0'',8' 10.5'',,,
Aaron,Miles,PG,6' 0'',6' 1.5'',174.6,6' 3.5'',7' 10'',,,
Ellis,Myles,PF,6' 6'',6' 7.25'',255.2,6' 9.75'',8' 9.5'',,,
Larry,O'Bannon,SG,6' 3'',6' 4.25'',196,6' 6'',8' 3.5'',,,
Drago,Pasalic,SF-PF,6' 9.5'',6' 11'',238.8,6' 11.75'',9' 0.5'',,,
Chris,Paul,PG,5' 11.75'',6' 1'',178,6' 4.25'',7' 9'',,,
Kevin,Pittsnogle,PF,6' 9.25'',6' 10.25'',259.2,6' 10.5'',8' 10'',,,
Roger,Powell,SF,6' 4.75'',6' 6'',218.6,6' 11.5'',8' 8'',,,
Carlos,Powell,SF-PF,6' 5.25'',6' 6.75'',221.8,6' 10.75'',8' 9'',,,
Ronnie,Price,PG,6' 0.75'',6' 2.25'',184.8,6' 5.5'',8' 0.5'',,,
Anthony,Roberson,PG,6' 0.75'',6' 2.5'',178.8,6' 2.75'',7' 11'',,,
Brandon,Rush,SG-SF,6' 5'',6' 6.5'',211.4,6' 11.25'',8' 8.5'',,,
Luke,Schenscher,C,6' 11.75'',7' 1.5'',241.6,7' 5'',9' 3.5'',,,
Wayne,Simien,PF,6' 7.25'',6' 9'',255.8,7' 0'',8' 11'',,,
Tre,Simmons,SG-SF,6' 4'',6' 5'',194.2,6' 7.5'',8' 6.5'',,,
David,Simon,C-PF,6' 8'',6' 9.5'',258.8,7' 3.5'',9' 0'',,,
Chris,Taft,PF,6' 8.5'',6' 9.5'',261,7' 1.75'',9' 1'',,,
Omar,Thomas,SF-SG,6' 3.25'',6' 4.5'',200,6' 8'',8' 6'',,,
Chris,Thomas,PG,5' 11.75'',6' 1'',176.2,6' 3'',7' 11'',,,
Dijon,Thompson,SF-SG,6' 6.25'',6' 8'',195.8,6' 9.75'',8' 9.5'',,,
Ronny,Turiaf,PF,6' 8'',6' 9.25'',237.8,7' 1.5'',8' 10.5'',,,
Charlie,Villanueva,PF-SF,6' 9'',6' 9.5'',236.6,7' 0.25'',9' 1'',,,
Hakim,Warrick,PF-SF,6' 7.25'',6' 8.5'',215,7' 2'',9' 0'',,,
Martell,Webster,SF,6' 6'',6' 7.5'',229.6,6' 11'',8' 10'',,,
Robert,Whaley,PF-C,6' 8'',6' 9'',269.4,7' 2'',9' 0'',,,
Marvin,Williams,PF-SF,6' 7'',6' 8.25'',228.2,7' 3.5'',9' 0'',,,
Deron,Williams,PG,6' 1.75'',6' 2.75'',202.4,6' 6.25'',8' 2'',,,
Jawad,Williams,SF,6' 7'',6' 8'',218,7' 1.25'',8' 10.5'',,,
Antoine,Wright,SF-SG,6' 5.25'',6' 6.25'',202.6,6' 8.75'',8' 8.5'',,,
Bracey,Wright,SG-PG,6' 1.25'',6' 2.5'',186.8,6' 10'',8' 4.5'',,,
Kenny,Adeleke,PF-C,6' 6.5'',6' 7.75'',250,6' 10.25'',8' 8'',10.5,,
Maurice,Ager,SG-PG,6' 3.25'',6' 4.5'',203,6' 7.75'',8' 5.5'',8.0,,
LaMarcus,Aldridge,PF-C,6' 10'',6' 11.25'',234,7' 4.75'',9' 2'',8.7,,
Morris,Almond,SG-SF,6' 4.75'',6' 6'',214,6' 10'',8' 6.5'',6.9,,
Lou,Amundson,PF,6' 7.2'',6' 8'',221,6' 11.5'',8' 7.5'',6.8,,
Rashad,Anderson,SG,6' 3.25'',6' 4.5'',224,6' 7'',8' 4'',17.3,,
Hilton,Armstrong,C-PF,6' 9.5'',6' 10.25'',240,7' 4'',9' 1'',6.3,,
James,Augustine,PF,6' 8.25'',6' 9.75'',227,7' 0.25'',8' 8'',5.5,,
Renaldo,Balkman,SF-PF,6' 5.25'',6' 6.5'',206,7' 1'',8' 8.5'',4.9,,
J.P.,Batista,PF,6' 7.5'',6' 8.5'',265,6' 10'',8' 7.5'',12.0,,
Will,Blalock,PG,5' 11.25'',6' 0.5'',194,6' 6'',8' 0.5'',7.2,,
Brandon,Bowman,SF,6' 6.75'',6' 8.25'',209,6' 11.5'',8' 7'',8.4,,
Ronnie,Brewer,SG-PG,6' 5.75'',6' 6.75'',223,6' 11.25'',8' 7.5'',5.0,,
Denham,Brown,SG-SF,6' 4'',6' 5'',218,6' 9.5'',8' 6.5'',9.0,,
Brad,Buckman,PF,6' 7.25'',6' 8.75'',238,7' 0'',8' 11.5'',10.5,,
Nik,Caner-Medley,SF,6' 6.5'',6' 8'',234,6' 9'',8' 7'',9.6,,
Rodney,Carney,SG-SF,6' 4.5'',6' 5.75'',204,6' 10'',8' 7.5'',5.3,,
Keydren,Clark,PG,5' 9'',5' 10.25'',184,6' 2.5'',7' 8.5'',11.6,,
Mardy,Collins,PG-SG,6' 4.25'',6' 5.5'',224,6' 10'',8' 7'',10.0,,
Taquan,Dean,SG-PG,6' 2'',6' 3'',183,6' 6.75'',8' 2'',3.9,,
Terence,Dials,PF-C,6' 7.75'',6' 9'',253,7' 0'',8' 10'',15.8,,
Sean,Dockery,PG-SG,6' 0.75'',6' 2'',182,6' 4.5'',7' 11.5'',7.3,,
Jordan,Farmar,PG,6' 0.75'',6' 2'',171,6' 3'',7' 10.5'',4.4,,
Randy,Foye,SG-PG,6' 2.25'',6' 3.25'',212,6' 6.25'',8' 1'',10.0,,
Torin,Francis,PF-C,6' 9'',6' 10'',247,7' 1'',8' 9.5'',12.4,,
Rudy,Gay,SF-PF,6' 7'',6' 8'',222,7' 3'',8' 11.5'',5.7,,
Nick,George,SF-SG,6' 4'',6' 5.75'',201,6' 10'',8' 7'',6.0,,
Taj,Gray,PF-SF,6' 7.25'',6' 8.5'',231,7' 0.75'',8' 11'',6.8,,
Dan,Grunfeld,SF-SG,6' 4.75'',6' 6'',216,6' 6.25'',8' 3'',10.4,,
Matt,Haryasz,PF-C,6' 9.75'',6' 11'',219,7' 0.25'',8' 11.5'',9.8,,
Eric,Hicks,PF,6' 4.75'',6' 5.5'',238,7' 1.5'',8' 9.5'',7.1,,
Tedric,Hill,SF-PF,6' 7.75'',6' 9'',236,7' 1'',8' 11'',7.3,,
Daniel,Horton,PG-SG,6' 0.5'',6' 2.25'',198,6' 7'',8' 0.5'',8.0,,
Solomon,Jones,PF-C,6' 8.5'',6' 9.75'',224,7' 4.75'',9' 1'',7.4,,
Bobby,Jones,SF-SG,6' 5.75'',6' 6.75'',211,6' 9.5'',8' 5.5'',8.0,,
Viktor,Keyru,SG-PG,6' 5.25'',6' 6'',202,6' 9.25'',8' 8'',5.5,,
Marco,Killingsworth,PF,6' 5.5'',6' 6.75'',266,7' 3'',8' 8'',19.0,,
Tarence,Kinsey,SF-SG,6' 4.75'',6' 5.5'',179,6' 6.75'',8' 4.5'',4.1,,
Carl,Krauser,PG,5' 11.75'',6' 0.75'',190,6' 6.25'',8' 1'',8.0,,
Chris,McCray,SG,6' 3'',6' 4'',187,6' 5.75'',8' 0.5'',9.6,,
Gerry,McNamara,PG-SG,5' 11.75'',6' 0.5'',177,6' 0.75'',7' 8.5'',12.8,,
Pops,Mensah-Bonsu,PF-C,6' 7.5'',6' 9'',232,7' 0'',8' 9.5'',5.8,,
Paul,Miller,PF-C,6' 8.5'',6' 9.25'',251,7' 0'',8' 5.5'',13.8,,
Paul,Millsap,PF,6' 6.25'',6' 7.25'',258,7' 1.5'',8' 9.5'',9.7,,
Dwayne,Mitchell,SG-SF,6' 2'',6' 3.25'',208,6' 6.5'',8' 2.5'',4.5,,
Adam,Morrison,SF,6' 6.5'',6' 7.75'',198,6' 10'',8' 9'',6.8,,
Yemi,Nicholson,PF-C,6' 7.75'',6' 9.5'',258,7' 4.25'',8' 11'',17.2,,
David,Noel,SF-SG,6' 4.5'',6' 6'',223,6' 9.5'',8' 4'',6.1,,
Steve,Novak,SF,6' 8'',6' 9.25'',216,6' 9.5'',8' 7'',8.1,,
Patrick,O'Bryant,C,6' 11'',7' 0'',249,7' 5.75'',9' 5'',10.0,,
Danilo,Pinnock,PG-SG,6' 2.75'',6' 4'',204,6' 7.5'',8' 4.5'',4.6,,
Chris,Quinn,PG-SG,6' 0.5'',6' 1.5'',175,6' 5'',7' 10'',5.9,,
Allan,Ray,SG,6' 1'',6' 2.25'',204,6' 8.5'',8' 3.5'',9.8,,
JJ,Redick,SG,6' 4'',6' 4.75'',190,6' 3.25'',8' 1.5'',7.0,,
Antywane,Robinson,SF-PF,6' 6.25'',6' 7.5'',217,7' 2.5'',8' 9.5'',6.9,,
Brandon,Roy,SG-SF,6' 5.25'',6' 6.25'',207,6' 8'',8' 5'',7.6,,
Blake,Schilb,PG-SG,6' 5.25'',6' 6.25'',209,6' 8.75'',8' 6'',11.3,,
Mouhamed,Sene,C,6' 11'',7' 0'',237,7' 8.5'',9' 5'',6.6,,
Cedric,Simmons,PF-C,6' 8.25'',6' 9.5'',223,7' 4.25'',9' 0.5'',5.6,,
Marcus,Slaughter,PF-SF,6' 7'',6' 8'',220,6' 11.5'',8' 8.5'',8.5,,
Craig,Smith,PF,6' 5.5'',6' 6.5'',259,6' 9.5'',8' 7.5'',12.2,,
Steven,Smith,SF-PF,6' 7.5'',6' 9.25'',238,7' 0.5'',8' 8'',7.8,,
Michael,Southhall,C,6' 9.5'',6' 10.25'',241,7' 4.25'',8' 11.5'',7.9,,
Frans,Steyn,C,7' 1.25'',7' 2.5'',280,7' 2.25'',9' 1'',12.8,,
Curtis,Stinson,SG,6' 1.75'',6' 2.75'',208,6' 5'',8' 1.5'',6.0,,
Tyrus,Thomas,PF-SF,6' 7.25'',6' 8.25'',217,7' 3'',9' 0'',5.6,,
Joah,Tucker,SF-SG,6' 3.75'',6' 5.25'',224,6' 6.5'',8' 3.5'',7.0,,
Ian,Vouyoukas,C-PF,6' 8.5'',6' 9.5'',267,7' 0.75'',9' 0.5'',14.8,,
Darius,Washington,PG,5' 11.5'',6' 1'',195,6' 4'',8' 0'',9.7,,
CJ,Watson,PG,6' 0.5'',6' 1.75'',171,6' 6'',8' 0'',5.2,,
Eric,Williams,C-PF,6' 7.25'',6' 8.75'',285,7' 4.25'',8' 10.5'',13.0,,
Shelden,Williams,PF-C,6' 7.5'',6' 8.5'',258,7' 4.25'',8' 8'',11.4,,
Shawne,Williams,SF-PF,6' 7.25'',6' 8.75'',227,7' 3'',8' 8'',8.0,,
Marcus,Williams,PG,6' 2'',6' 3.25'',215,6' 7'',8' 1.5'',12.4,,
Justin,Williams,C-PF,6' 7.25'',6' 8.75'',211,7' 1.5'',9' 1'',6.5,,
Curtis,Withers,PF-SF,6' 6'',6' 6.5'',227,6' 10'',8' 5'',5.0,,
Mohamed,Abukar,SF,6' 8'',6' 9.75'',210,6' 9'',8' 7'',8.9,,
Mario,Boggan,PF,6' 5'',6' 7'',240,7' 2'',8' 11'',9.2,,
Craig,Bradshaw,PF,6' 8'',6' 9.75'',240,7' 1.5'',8' 10.5'',12.1,,
Corey,Brewer,SF-SG,6' 6'',6' 7.75'',185,6' 8.25'',8' 7'',4.2,,
Aaron,Brooks,PG,5' 10'',5' 11.75'',161,6' 4'',7' 10'',2.7,,
Bobby,Brown,PG,5' 11'',6' 1.75'',170,6' 4'',7' 11.5'',6.6,,
Russell,Carter,SG,6' 3'',6' 4.5'',221,6' 8.5'',8' 1.5'',6.0,,
Coleman,Collins,PF,6' 8'',6' 9.75'',236,7' 2'',8' 11'',6.2,,
Mike,Conley,PG,5' 11'',6' 0.75'',175,6' 5.75'',7' 10.5'',4.2,,
Daequan,Cook,SG,6' 3'',6' 5.75'',203,6' 8.25'',8' 5.5'',7.0,,
Ryvon,Covile,C-PF,6' 7'',6' 8.5'',250,7' 1.25'',8' 11.5'',8.0,,
Javaris,Crittenton,PG,6' 3'',6' 4.75'',194,6' 5.5'',8' 2'',4.5,,
Jermareo,Davidson,PF,6' 9'',6' 11'',230,7' 4'',9' 1.5'',6.9,,
Justin,Doellman,PF,6' 8'',6' 9.5'',205,6' 8.75'',8' 9'',7.0,,
Zabian,Dowdell,PG,6' 1'',6' 3'',191,6' 10'',8' 4'',5.1,,
Jared,Dudley,SF,6' 5'',6' 7.25'',219,6' 7'',8' 6'',7.1,,
Kevin,Durant,SF-PF,6' 9'',6' 10.25'',215,7' 4.75'',9' 2'',6.6,,
Rashaun,Freeman,PF,6' 6'',6' 8'',244,6' 11.5'',8' 8'',11.5,,
Aaron,Gray,C,7' 0'',7' 1.75'',271,7' 3.25'',9' 0.5'',10.8,,
Caleb,Green,PF,6' 6'',6' 8'',238,6' 11.75'',8' 7'',10.9,,
Jeff,Green,SF,6' 7'',6' 9.5'',228,7' 1.25'',8' 7'',3.7,,
Taurean,Green,PG,5' 11'',6' 0.75'',173,6' 2.25'',8' 0'',4.6,,
Spencer,Hawes,PF,6' 10'',7' 0.75'',244,7' 0.5'',9' 2'',13.0,,
Brandon,Heath,PG,6' 2'',6' 3.75'',181,6' 7'',7' 10'',9.0,,
Herbert,Hill,C,6' 7'',6' 9.75'',232,7' 2.25'',9' 0.5'',5.6,,
Al,Horford,PF,6' 8'',6' 9.75'',246,7' 0.75'',8' 11'',9.1,,
Quinton,Hosley,SF-SG,6' 5'',6' 7.75'',215,6' 11.25'',8' 9'',5.7,,
James,Hughes,C,6' 9'',6' 10.75'',209,7' 3'',9' 3'',3.5,,
Jeremy,Hunt,SG,6' 2'',6' 4.75'',198,6' 8.25'',8' 5.5'',5.2,,
Ekene,Ibekwe,PF,6' 8'',6' 9'',208,7' 6'',8' 8'',3.2,,
Dominic,James,PG,5' 10'',5' 11.75'',175,6' 2'',7' 9'',4.8,,
Trey,Johnson,SG,6' 3'',6' 5.75'',216,6' 5'',8' 2'',5.4,,
Rashad,Jones-Jennings,PF,6' 6'',6' 7.5'',235,7' 0'',8' 9.5'',5.9,,
Jared,Jordan,PG,6' 0'',6' 1.75'',183,6' 0'',7' 10'',7.0,,
Coby,Karl,SG-PG,6' 3'',6' 4.75'',204,6' 11'',8' 3.5'',5.4,,
Antanas,Kavaliauskas,PF,6' 9'',6' 10.5'',237,6' 10.5'',8' 10.5'',7.7,,
Carl,Landry,PF,6' 7'',6' 8.5'',248,6' 11'',8' 6.5'',7.5,,
Stephane,Lasme,PF,6' 5'',6' 7'',213,7' 2'',8' 11'',4.9,,
Acie,Law,PG,6' 2'',6' 3.5'',186,6' 6.5'',8' 2'',5.6,,
Marko,Lekic,C,6' 9'',6' 10.5'',267,7' 1'',9' 0.5'',11.4,,
Ron,Lewis,SG,6' 2'',6' 4.5'',194,6' 6.5'',8' 3'',4.5,,
Cartier,Martin,SF,6' 4'',6' 6.5'',218,6' 10'',8' 7.5'',5.6,,
Dominic,McGuire,SF,6' 7'',6' 8.25'',220,6' 10.5'',8' 8'',4.7,,
Josh,McRoberts,PF,6' 8'',6' 10'',240,7' 1'',8' 10.5'',13.7,,
Sammy,Mejia,SG,6' 5'',6' 7'',218,6' 11'',8' 9'',8.3,,
Brad,Newley,SG,6' 5'',6' 6.5'',201,6' 8'',8' 6.5'',8.0,,
Demetris,Nichols,SF,6' 6'',6' 7.5'',211,7' 0.25'',8' 9'',6.2,,
Joakim,Noah,PF,6' 10'',7' 0'',223,7' 1.25'',8' 10.5'',4.8,,
Greg,Oden,C,6' 11'',7' 0'',257,7' 4.25'',9' 4'',7.8,,
Ivan,Radenovic,PF,6' 9'',6' 10.75'',226,6' 11.75'',8' 10'',9.8,,
JR,Reynolds,PG,6' 0'',6' 2.75'',188,6' 3.25'',7' 11'',8.2,,
Chris,Richard,PF,6' 7'',6' 8.75'',252,7' 4.5'',9' 2.5'',7.5,,
Dustin,Salisbery,SG,6' 3'',6' 4.75'',208,6' 8'',8' 4.5'',6.6,,
Blake,Schilb,SG,6' 5'',6' 7'',214,6' 9'',8' 6.5'',10.0,,
Renaldas,Seibutis,SG,6' 4'',6' 5.75'',185,6' 8.75'',8' 5'',6.1,,
Ramon,Sessions,PG,6' 2'',6' 3.75'',185,6' 4.25'',8' 1.5'',6.2,,
Mustafa,Shakur,PG,6' 3'',6' 4.5'',185,6' 5.5'',8' 3'',4.1,,
Jason,Smith,PF,6' 10.75'',6' 11.5'',233,6' 10.75'',8' 10'',7.5,,
DJ,Strawberry,SG,6' 3.75'',6' 5'',199,6' 6.5'',8' 5'',4.5,,
Rodney,Stuckey,SG-PG,6' 3.75'',6' 4.5'',207,6' 7.25'',8' 4.5'',6.1,,
Curtis,Sumpter,SF,6' 6'',6' 7.75'',227,6' 9.5'',8' 8'',5.3,,
Yue,Sun,SF,6' 7.75'',6' 8.75'',212,6' 9'',8' 9'',5.1,,
Jamaal,Tatum,PG,5' 11.5'',6' 0.75'',168,6' 2.5'',7' 9.5'',5.0,,
Reyshawn,Terry,SF,6' 6.75'',6' 7.5'',222,6' 10'',8' 7.5'',8.9,,
Al,Thornton,SF,6' 5.75'',6' 7'',221,7' 1'',8' 8'',5.8,,
Anthony,Tolliver,PF,6' 7'',6' 8.5'',242,7' 2.5'',8' 11.5'',5.7,,
Ali,Traore,C-PF,6' 8.75'',6' 9.75'',249,7' 4'',9' 0.5'',12.1,,
Kyle,Visser,C,6' 10'',6' 11.5'',242,6' 11'',9' 0'',10.2,,
Darryl,Watkins,C,6' 8.75'',6' 10.25'',241,7' 3'',9' 2'',6.9,,
Major,Wingate,C,6' 8.5'',6' 10.75'',242,7' 4'',9' 1'',6.7,,
DaShaun,Wood,PG,5' 10.75'',5' 11.5'',167,6' 0.75'',7' 8'',5.4,,
Brandan,Wright,PF,6' 8.75'',6' 10'',200,7' 3.75'',9' 0.5'',5.8,,
Julian,Wright,SF-PF,6' 6.5'',6' 8.5'',211,7' 2.25'',9' 0'',6.1,,
Avis,Wyatt,PF,6' 8.75'',6' 9.5'',212,7' 1'',8' 11'',3.3,,
Jianlian,Yi,,,,,,,,,
Thaddeus,Young,SF,6' 5.75'',6' 7.5'',210,6' 11.5'',8' 10'',4.9,,
Nick,Young,SG-SF,6' 5'',6' 6.75'',206,7' 0'',8' 4.5'',6.8,,
Joe,Alexander,SF-PF,6' 7.25'',6' 8.25'',220,6' 11.5'',8' 10'',5.8,,
Darrell,Arthur,PF,6' 7.5'',6' 8.5'',216,6' 10.75'',8' 11'',7.3,,
D.J.,Augustin,PG,5' 10'',5' 11.5'',171.5,6' 3.5'',7' 10.5'',8.1,,
Jerryd,Bayless,PG-SG,6' 1.75'',6' 3'',204,6' 3.5'',8' 1'',4.7,,
Michael,Beasley,PF-SF,6' 7'',6' 8.25'',239,7' 0.25'',8' 11'',7.7,,
Ramel,Bradley,PG-SG,6' 1.25'',6' 2.25'',184,6' 5'',8' 2'',5.7,,
Tyrone,Brazelton,PG,5' 10'',5' 11'',166,6' 1.75'',7' 10'',8.1,,
Takais,Brown,PF,6' 7.25'',6' 8.5'',252,6' 10'',8' 10'',9.2,,
Keith,Brumbaugh,SF-PF,6' 7.5'',6' 8.75'',190,6' 7.25'',8' 8.5'',4.0,,
Stanley,Burrell,PG,6' 1.5'',6' 2.5'',201,6' 6.25'',8' 1.5'',5.6,,
Brian,Butch,C-PF,6' 9.5'',6' 11'',229.6,6' 11.25'',9' 0'',10.8,,
Jamar,Butler,PG,6' 0.25'',6' 1.5'',182,6' 4.75'',8' 1'',6.0,,
Pat,Calathes,SF-PF,6' 8.75'',6' 9.75'',204,6' 9.75'',8' 10'',7.3,,
Joe,Crawford,SG,6' 3'',6' 4'',213,6' 5.75'',8' 3.5'',7.6,,
Chris,Daniels,C-PF,6' 8.25'',6' 9.5'',256,7' 0.5'',9' 1'',16.1,,
Joey,Dorsey,PF-C,6' 6.25'',6' 7.25'',265,7' 1.75'',8' 11'',9.0,,
Marcus,Dove,SF-PF,6' 6.75'',6' 7.5'',208,6' 11.5'',8' 9'',5.3,,
Josh,Duncan,PF,6' 8'',6' 9'',230,6' 11.5'',8' 8.5'',5.4,,
Frank,Elegar,PF,6' 7.25'',6' 8.75'',210,7' 3.25'',8' 10'',4.5,,
Patrick,Ewing Jr.,SF-PF,6' 6'',6' 7.25'',224,7' 0.25'',8' 1.5'',9.4,,
Gary,Forbes,SG,6' 4.5'',6' 5.75'',220.5,6' 11.25'',8' 8.5'',6.5,,
Shan,Foster,SG,6' 4'',6' 5.25'',194.5,6' 11.5'',8' 7.5'',6.3,,
J.R.,Giddens,SG,6' 4'',6' 4.75'',208,6' 11.25'',8' 7'',5.4,,
James,Gist,PF,6' 7'',6' 8.5'',220,7' 4'',8' 11.5'',4.8,,
Vladimir,Golubovic,C,6' 11.25'',7' 0.25'',258,7' 2.5'',9' 3.5'',6.9,,
Eric,Gordon,SG,6' 2'',6' 3.25'',222,6' 9'',8' 3'',8.2,,
Kentrell,Gransberry,C,6' 6.75'',6' 7.75'',290,6' 10.25'',8' 10'',17.4,,
Donte,Greene,SF-PF,6' 8.25'',6' 9'',221,6' 10'',9' 0'',7.6,,
Malik,Hairston,SG,6' 4.25'',6' 5.25'',204,6' 9'',8' 7.5'',6.9,,
DeVon,Hardin,C-PF,6' 9.5'',6' 10.75'',235,7' 3'',9' 1.5'',5.8,,
Richard,Hendrix,PF,6' 6.75'',6' 8.75'',250,7' 3'',9' 0'',9.2,,
George,Hill,PG,6' 1.25'',6' 2.5'',181,6' 9'',8' 1.5'',3.0,,
Kyle,Hines,SF-PF,6' 3.75'',6' 5.25'',234,7' 1.25'',8' 8.5'',3.6,,
Jiri,Hubalek,C-PF,6' 9.5'',6' 11'',226,6' 10.75'',9' 1'',8.8,,
Lester,Hudson,PG,5' 11.75'',6' 1'',196,6' 8.75'',8' 2.5'',3.4,,
Othello,Hunter,PF-SF,6' 6.5'',6' 7.5'',220,7' 3'',9' 1.5'',6.4,,
Darnell,Jackson,PF,6' 7'',6' 7.75'',240.5,6' 11.25'',8' 10.5'',12.5,,
Shawn,James,PF,6' 7.75'',6' 9'',217,7' 5'',9' 3'',9.2,,
Davon,Jefferson,SF,6' 5.25'',6' 6.5'',213,6' 9.5'',8' 9'',12.0,,
Joseph,Jones,PF,6' 7'',6' 8.5'',240,7' 0.25'',8' 11'',12.2,,
DeAndre,Jordan,C,6' 9.75'',6' 11'',250,7' 6'',9' 5.5'',7.5,,
Sasha,Kaun,C-PF,6' 9'',6' 10.75'',247,7' 4'',9' 2'',9.6,,
Marcelus,Kemp,SG,6' 3'',6' 4.25'',221,6' 8.5'',8' 7.5'',9.0,,
Maarty,Leunen,SF,6' 7.25'',6' 8.5'',222,6' 8'',8' 6.5'',8.9,,
Longar,Longar,C,6' 9'',6' 10'',212.5,7' 1.25'',9' 1.5'',10.6,,
Brook,Lopez,C,6' 11.25'',7' 0.5'',258,7' 5.5'',9' 5'',6.3,,
Kevin,Love,PF,6' 7.75'',6' 9.5'',255,6' 11.25'',8' 10'',12.9,,
Aleks,Maric,C,6' 9.75'',6' 10.75'',273,7' 1'',9' 1.5'',10.1,,
O.J.,Mayo,SG-PG,6' 3.25'',6' 4.25'',200,6' 6'',8' 3.5'',6.3,,
James,Mays,PF,6' 6.75'',6' 7.75'',227,7' 1.75'',8' 9'',8.8,,
Luc,Mbah a Moute,SF,6' 5.75'',6' 7.5'',221,7' 2.5'',8' 7.5'',7.0,,
JaVale,McGee,C-PF,6' 11'',7' 0'',241,7' 6'',9' 6.5'',5.3,,
Drew,Neitzel,PG,5' 11.75'',6' 0.75'',175.5,6' 2.5'',7' 11'',6.2,,
DeMarcus,Nelson,PG-SG,6' 1'',6' 2.25'',198,6' 10'',8' 2.5'',4.5,,
David,Padgett,C-PF,6' 10.25'',6' 11.5'',239.5,7' 1'',9' 1.5'',9.0,,
Jeremy,Pargo,PG,6' 0.5'',6' 1.5'',208,6' 5'',8' 0'',7.6,,
Trent,Plaisted,PF,6' 9.25'',6' 10.25'',240,6' 10.5'',8' 9.5'',11.0,,
Quan,Prowell,SF-PF,6' 6.75'',6' 7.75'',225.5,6' 10.5'',8' 7.5'',6.5,,
Shaun,Pruitt,C-PF,6' 8.25'',6' 9'',242.2,7' 1'',8' 11.5'',13.8,,
Anthony,Randolph,PF-SF,6' 9'',6' 10.25'',197,7' 3'',9' 1'',4.7,,
Charles,Rhodes,PF,6' 7.25'',6' 8.25'',244,6' 11.25'',8' 11.5'',10.7,,
John,Riek,C,6' 10.5'',7' 0'',237,7' 8.75'',,11.0,,
Brian,Roberts,PG,6' 0.25'',6' 1.25'',173,6' 1.25'',7' 11'',3.6,,
Russell,Robinson,PG,6' 0.5'',6' 1.5'',196,6' 8'',8' 4.5'',7.4,,
Richard,Roby,SG-SF,6' 4.25'',6' 5.5'',203,6' 9.75'',8' 8'',9.2,,
Derrick,Rose,PG,6' 1.5'',6' 2.5'',196,6' 8'',8' 2.5'',4.6,,
Sean,Singletary,PG,5' 11'',6' 0'',183.8,6' 4.5'',7' 11'',4.2,,
Ronald,Steele,PG,6' 0.25'',6' 1.5'',183.5,6' 4.25'',8' 1.5'',8.1,,
Bryce,Taylor,SG,6' 2.75'',6' 4.25'',210,6' 9'',8' 3.5'',8.3,,
Mike,Taylor,SG-PG,6' 0.75'',6' 2'',166.2,6' 7.25'',8' 2'',3.8,,
Mark,Tyndale,SG-SF,6' 2.75'',6' 3.5'',217,6' 11'',8' 7.5'',6.7,,
Robert,Vaden,SG,6' 3.5'',6' 4.5'',199,6' 8'',8' 5'',6.2,,
Deron,Washington,SF,6' 5.25'',6' 6.25'',198.5,6' 9'',8' 6.5'',7.2,,
Sonny,Weems,SG-SF,6' 4'',6' 5.5'',193,6' 10'',8' 8'',4.4,,
Russell,Westbrook,PG,6' 2.25'',6' 3.5'',192,6' 7.75'',8' 4'',4.8,,
Reggie,Williams,SG,6' 3.25'',6' 4'',199,6' 9.25'',8' 7'',5.3,,
Jeff,Adrien,PF,6' 5.25'',6' 6.5'',236.2,7' 2'',8' 11.5'',7.9,,
Jeff,Ayres,PF,6' 8.75'',6' 10'',239.6,7' 1'',8' 11'',5.5,,
Rodrigue,Beaubois,PG,6' 1.25'',6' 2.25'',182.4,6' 9.75'',8' 4'',7.9,,
DeJuan,Blair,PF,6' 5.25'',6' 6.5'',276.6,7' 2'',8' 10.5'',12.0,,
Derrick,Brown,SF-PF,6' 7.5'',6' 8.5'',224.6,7' 2.5'',8' 11.5'',8.6,,
Chase,Budinger,SF-SG,6' 6.25'',6' 7'',206.4,6' 7'',8' 5'',10.0,,
DeMarre,Carroll,PF-SF,6' 6.25'',6' 7.75'',207.2,6' 10'',8' 9'',6.3,,
Omri,Casspi,SF,6' 7.75'',6' 9.25'',211.2,6' 9.25'',8' 10.5'',8.6,,
Dionte,Christmas,SG,6' 4.25'',6' 5.5'',210.8,6' 9'',8' 6.5'',7.1,,
Earl,Clark,SF-PF,6' 8.5'',6' 10.25'',228.4,7' 2.5'',9' 1.5'',5.2,,
Darren,Collison,PG,6' 0.25'',6' 1.5'',166.2,6' 3'',8' 0.5'',5.7,,
Dante,Cunningham,PF,6' 7'',6' 8.25'',227.4,6' 11'',8' 10.5'',4.8,,
Stephen,Curry,PG-SG,6' 2'',6' 3.25'',181,6' 3.5'',8' 1'',5.7,,
Austin,Daye,SF-PF,6' 9.75'',6' 10.75'',191.8,7' 2.75'',9' 2'',5.5,,
DeMar,DeRozan,SG-SF,6' 5.5'',6' 6.5'',211.2,6' 9'',8' 6.5'',4.9,,
Toney,Douglas,PG,6' 1'',6' 2'',183.4,6' 6'',8' 1.5'',5.2,,
Wayne,Ellington,SG,6' 4.25'',6' 5.25'',202.4,6' 6.5'',8' 4'',5.5,,
Tyreke,Evans,PG-SG,6' 4'',6' 5.25'',220.6,6' 11.25'',8' 8'',7.1,,
Jonny,Flynn,PG,5' 11.25'',6' 0.75'',195.6,6' 4'',7' 11.5'',6.3,,
Taj,Gibson,PF,6' 8.5'',6' 9.75'',214.4,7' 4'',9' 1'',6.6,,
Danny,Green,SG-SF,6' 5.25'',6' 6.5'',208,6' 10'',8' 7'',5.6,,
Blake,Griffin,PF,6' 8.5'',6' 10'',248.4,6' 11.25'',8' 9'',8.2,,
Tyler,Hansbrough,PF,6' 8.25'',6' 9.5'',234.2,6' 11.5'',8' 10'',8.5,,
James,Harden,SG,6' 4'',6' 5.25'',222,6' 10.75'',8' 7.5'',10.1,,
Gerald,Henderson,SG-SF,6' 4'',6' 5'',214.6,6' 10.25'',8' 6.5'',4.4,,
Josh,Heytvelt,PF-C,6' 10'',6' 11'',246.2,7' 1.25'',9' 0'',10.8,,
Jordan,Hill,PF-C,6' 9.25'',6' 10.25'',232.4,7' 1.5'',9' 0'',6.0,,
Jrue,Holiday,PG-SG,6' 3.25'',6' 4.25'',199,6' 7'',8' 4.5'',6.3,,
Joe,Ingles,SF,6' 7.75'',6' 8.25'',209.2,6' 10.25'',8' 9'',10.1,,
James,Johnson,SF-PF,6' 7'',6' 7.75'',257.2,7' 0.75'',8' 9.5'',12.0,,
Ty,Lawson,PG,5' 11.25'',6' 0.5'',196.6,6' 0.75'',7' 10.5'',6.6,,
Eric,Maynor,PG,6' 2.25'',6' 3.25'',163.6,6' 2.5'',8' 1'',5.4,,
Jack,McClinton,SG-PG,5' 11.75'',6' 0.75'',185.2,6' 2.5'',8' 0'',6.2,,
Jerel,McNeal,SG,6' 1.5'',6' 3'',190.4,6' 7.25'',8' 3.5'',5.4,,
Jodie,Meeks,SG,6' 3'',6' 4'',211.4,6' 4.5'',8' 2'',8.0,,
Patty,Mills,PG,5' 11.25'',6' 0.5'',175.4,6' 2'',7' 11'',6.9,,
Byron,Mullens,C,6' 11.75'',7' 1.25'',258.2,7' 1.5'',9' 3'',8.5,,
A.J.,Price,PG,6' 0.5'',6' 2'',192.8,6' 3.75'',8' 1'',12.4,,
Tyler,Smith,SF,6' 5.25'',6' 6'',212,6' 9.75'',8' 8.5'',7.0,,
DaJuan,Summers,SF,6' 7.25'',6' 8.5'',243,7' 0.75'',8' 10.5'',6.6,,
Jermaine,Taylor,SG,6' 3.5'',6' 4.75'',207.4,6' 8.75'',8' 5'',5.8,,
Jeff,Teague,PG,6' 0.25'',6' 1.5'',175.2,6' 7.5'',8' 2.5'',4.5,,
Hasheem,Thabeet,C,7' 1.25'',7' 2.5'',267.2,7' 6.25'',9' 5'',6.7,,
Marcus,Thornton,SG,6' 2.75'',6' 3.75'',194.4,6' 5'',8' 3'',4.8,,
Terrence,Williams,SG-SF,6' 5'',6' 6.25'',213.2,6' 9'',8' 7.5'',5.1,,
Sam,Young,SF-SG,6' 5.25'',6' 6.75'',222.8,6' 10.75'',8' 9.5'',4.9,,
Solomon,Alabi,C,6' 11.5'',7' 0.75'',237.4,7' 5'',9' 5'',5.0,9.25,9.25
Cole,Aldrich,C,6' 9'',6' 11.25'',236,7' 4.75'',9' 3.5'',8.5,9.0,9.25
Al-Farouq,Aminu,SF,6' 7.25'',6' 8.5'',216,7' 3.25'',9' 0.5'',8.2,9.5,9.5
James,Anderson,SF,6' 4.75'',6' 5.75'',207.6,6' 8.5'',8' 8'',7.9,8.5,7.25
Luke,Babbitt,SF-PF,6' 7.5'',6' 8.75'',217.8,6' 11.25'',8' 8.5'',5.6,8.5,10.0
Eric,Bledsoe,PG,6' 0.25'',6' 1.5'',191.6,6' 7.5'',8' 2'',5.6,8.5,9.75
Trevor,Booker,PF,6' 6.25'',6' 7.5'',235.8,6' 9.75'',8' 10'',7.3,9.0,9.5
Craig,Brackins,PF-SF,6' 8.5'',6' 9.75'',229,7' 0'',9' 1'',7.9,9.5,11.25
Avery,Bradley,SG-PG,6' 2'',6' 3.25'',180.4,6' 7.25'',8' 2.5'',4.0,8.25,9.5
Derrick,Caracter,PF,6' 8.25'',6' 9.5'',280,7' 0.25'',8' 11.5'',12.8,9.0,10.25
Sherron,Collins,PG,5' 10.25'',5' 11.75'',217.2,6' 2.5'',7' 10'',9.2,8.5,9.5
DeMarcus,Cousins,C,6' 9.5'',6' 10.75'',291.8,7' 5.75'',9' 5'',16.4,9.25,10.0
Jordan,Crawford,SG,6' 3'',6' 4.5'',198.4,6' 7'',8' 5'',4.9,8.0,9.0
Ed,Davis,PF,6' 9'',6' 9.75'',226.6,7' 0'',9' 0'',10.0,9.25,10.0
Devin,Ebanks,SF,6' 7'',6' 8.25'',207.8,7' 0.25'',8' 11.5'',7.9,8.25,9.0
Derrick,Favors,PF,6' 8.75'',6' 10.25'',245.2,7' 4'',9' 2'',6.5,8.75,9.25
Keith,Gallon,PF-C,6' 8.5'',6' 9.5'',301.8,7' 4.5'',9' 1.5'',15.1,9.25,10.5
Charles,Garcia,SF,6' 8.25'',6' 9.25'',231.6,7' 1.75'',8' 11.5'',7.0,8.75,9.0
Paul,George,SF,6' 7.75'',6' 8.75'',214.4,6' 11.25'',8' 11'',5.0,8.5,9.0
Luke,Harangody,PF,6' 6'',6' 7.75'',240.2,6' 9.5'',8' 10'',11.1,8.75,9.75
Manny,Harris,SG,6' 4'',6' 5.5'',185.1,6' 7.25'',8' 6'',3.8,8.5,9.0
Gordon,Hayward,SF,6' 6.75'',6' 8'',211,6' 7.75'',8' 7'',6.9,8.5,9.25
Lazar,Hayward,SG-SF,6' 4.5'',6' 5.75'',225.8,7' 0.75'',8' 6'',7.5,9.25,9.5
Xavier,Henry,SG,6' 5.25'',6' 6.5'',210.2,6' 11.25'',8' 9'',4.7,8.75,10.0
Darington,Hobson,SG-SF,6' 5.25'',6' 6.5'',203.6,6' 9.25'',8' 8.5'',6.2,8.25,9.0
Damion,James,SF,6' 6.25'',6' 7.75'',226.6,7' 0.75'',8' 11'',9.6,9.25,8.5
Wesley,Johnson,SF,6' 6.25'',6' 7.25'',206.4,7' 1'',8' 10'',4.6,9.0,9.5
Armon,Johnson,PG-SG,6' 2'',6' 3.25'',195.2,6' 8'',8' 3.5'',5.6,8.25,9.25
Dominique,Jones,SG,6' 3.25'',6' 5'',216,6' 9.25'',8' 5'',5.9,9.0,10.25
Jerome,Jordan,C,6' 11.5'',7' 0.75'',244.2,7' 5.25'',9' 5'',6.9,9.0,10.25
Sylven,Landesberg,SG,6' 4.75'',6' 6.25'',210,6' 9'',8' 4.5'',11.6,8.75,10.75
Gani,Lawal,PF,6' 7.5'',6' 9'',233.4,7' 0'',8' 11.5'',6.3,8.5,10.0
Greg,Monroe,PF-C,6' 9.75'',6' 11'',246.6,7' 2.25'',9' 0.5'',11.2,8.75,9.5
Daniel,Orton,C,6' 8.75'',6' 9.5'',269.2,7' 4.25'',9' 2.5'',13.8,8.5,9.75
Artsiom,Parakhouski,C,6' 10.25'',6' 11.75'',268.2,7' 1'',9' 1.5'',6.0,9.0,10.5
Patrick,Patterson,PF,6' 8'',6' 9.25'',239.6,7' 1.25'',8' 11'',5.3,9.25,10.25
Dexter,Pittman,PF-C,6' 9.5'',6' 11.5'',302.6,7' 6'',9' 3'',20.8,10.25,10.5
Andy,Rautins,SG,6' 4.25'',6' 5'',191.6,6' 7'',8' 4'',6.2,8.0,9.75
Ryan,Richards,PF,6' 10.5'',6' 11.75'',230.2,7' 1.5'',9' 2'',8.0,9.0,9.75
Stanley,Robinson,SF,6' 6.5'',6' 7.75'',213.2,7' 0'',8' 11.5'',8.3,9.0,9.0
Larry,Sanders,PF-C,6' 9.25'',6' 10.5'',222.4,7' 5.75'',9' 4'',4.6,9.75,11.0
Jon,Scheyer,PG-SG,6' 4.75'',6' 6'',180,6' 3.25'',8' 3'',5.4,7.75,9.5
Lance,Stephenson,SG,6' 4.5'',6' 5.75'',227,6' 10.5'',8' 7'',9.3,9.0,10.25
Mikhail,Torrance,PG,6' 4'',6' 5'',208.8,6' 7.5'',8' 7'',7.0,8.75,9.5
Evan,Turner,SG,6' 5.75'',6' 7'',213.8,6' 8'',8' 7.5'',8.6,8.75,9.5
Ekpe,Udoh,PF,6' 8.75'',6' 9.75'',237.4,7' 4.5'',8' 10.5'',8.0,9.5,8.75
Jarvis,Varnado,PF-C,6' 8.25'',6' 10'',210.2,7' 3.5'',9' 1.5'',9.5,9.25,9.5
Greivis,Vasquez,PG-SG,6' 5'',6' 6.5'',210.8,6' 7'',8' 5'',8.6,7.75,9.25
John,Wall,PG,6' 2.75'',6' 4'',195.6,6' 9.25'',8' 5.5'',5.6,8.25,9.5
Willie,Warren,SG-PG,6' 2.5'',6' 3.75'',208.4,6' 6'',8' 3.5'',7.6,8.5,9.5
Terrico,White,SG-PG,6' 3.75'',6' 5'',202.6,6' 9'',8' 5'',3.7,9.0,10.5
Hassan,Whiteside,C-PF,6' 10.5'',6' 11.5'',226.6,7' 7'',9' 5'',5.5,8.25,10.25
Keith,Benson,C-PF,6' 10'',6' 11'',217,7' 3.75'',9' 1.5'',6.1,9.5,11.0
Marshon,Brooks,SG,6' 4.25'',6' 5.25'',194.6,7' 1'',8' 5'',5.2,9.0,10.5
Alec,Burks,SG,6' 5'',6' 6'',192.6,6' 10'',8' 7.5'',5.1,9.0,8.25
Jimmy,Butler,SF,6' 6'',6' 7.75'',222.2,6' 7.5'',8' 5.5'',5.4,9.0,9.0
Norris,Cole,PG,6' 0.25'',6' 1.75'',174.4,6' 2.25'',7' 11.5'',4.7,8.5,9.5
Jon,Diebler,SG,6' 5.25'',6' 6.5'',196.6,6' 6'',8' 3'',8.5,8.25,8.25
Michael,Dunigan,PF-C,6' 8.5'',6' 10'',237.6,7' 3.25'',8' 11.5'',8.0,9.0,10.75
LaceDarius,Dunn,SG,6' 3'',6' 4'',187.8,6' 6.25'',8' 5'',5.5,9.0,10.25
Kenneth,Faried,PF,6' 6'',6' 7.5'',224.6,7' 0'',9' 0'',6.3,8.5,10.25
James,Fredette,PG,6' 0.75'',6' 2.5'',196,6' 4.5'',8' 0.5'',7.7,8.0,8.5
Andrew,Goudelock,PG,6' 1.25'',6' 2.75'',197.6,6' 4.25'',8' 0.5'',9.9,8.25,9.25
Jordan,Hamilton,SF,6' 6.75'',6' 8.5'',228.4,6' 9.5'',8' 8'',9.8,9.0,9.25
Justin,Harper,PF-SF,6' 8'',6' 8.75'',228,6' 11.75'',8' 10'',4.0,9.0,9.25
Tobias,Harris,SF-PF,6' 6.5'',6' 7.75'',222.8,6' 11'',8' 7.5'',8.4,8.75,9.0
Tyler,Honeycutt,SF,6' 6.75'',6' 8.25'',186.8,6' 9'',8' 9'',5.3,8.5,9.5
Scotty,Hopson,SG,6' 5.75'',6' 6.5'',204.6,6' 10.5'',8' 7.5'',4.8,8.5,10.0
Kyrie,Irving,PG,6' 1.75'',6' 3.5'',191,6' 4'',8' 3'',10.2,8.25,9.25
Rick,Jackson,PF,6' 8.25'',6' 9.25'',241.8,7' 2'',8' 10.5'',8.3,8.75,9.5
Charles,Jenkins,PG-SG,6' 1.5'',6' 3.25'',216.4,6' 7.5'',8' 0.5'',4.3,8.5,9.0
JaJuan,Johnson,PF,6' 9'',6' 10'',219.8,7' 2'',8' 11.5'',7.5,9.0,10.0
Cory,Joseph,PG,6' 2'',6' 3.25'',186.2,6' 5.5'',8' 3'',9.7,8.5,10.5
Enes,Kanter,PF-C,6' 9.75'',6' 11.25'',259.2,7' 1.5'',9' 1.5'',5.9,9.5,10.75
Brandon,Knight,PG,6' 1.5'',6' 3.25'',176.8,6' 6.75'',8' 2.5'',4.2,8.25,9.5
Malcolm,Lee,SG,6' 4'',6' 5.5'',198.2,6' 9.75'',8' 5.5'',5.9,8.5,9.5
Kawhi,Leonard,SF,6' 6'',6' 7'',227.4,7' 3'',8' 10'',5.4,9.75,11.25
Travis,Leslie,SG,6' 3'',6' 4.25'',205,6' 10.5'',8' 7'',8.1,8.75,9.25
Jon,Leuer,PF,6' 10'',6' 11.5'',223.2,7' 0'',8' 9.5'',5.4,8.75,9.75
DeAndre,Liggins,SF-SG,6' 5'',6' 6.25'',202.2,6' 11'',8' 7.5'',5.0,8.75,10.0
David,Lighty,SG,6' 4.75'',6' 6.5'',216.2,6' 8'',8' 5'',6.5,9.0,10.0
Shelvin,Mack,PG,6' 1'',6' 2.5'',209,6' 7.5'',8' 0.5'',7.1,8.25,9.25
Demetri,McCamey,PG,6' 1.75'',6' 3.25'',204,6' 6.25'',8' 3.5'',6.1,8.5,9.0
E'Twaun,Moore,SG,6' 2.5'',6' 4'',191.4,6' 9.5'',8' 3.5'',7.6,9.0,10.0
Markieff,Morris,PF,6' 7.75'',6' 9.25'',240.8,6' 10.75'',8' 10.5'',10.2,8.5,8.25
Marcus,Morris,PF-SF,6' 7'',6' 8.75'',229.6,6' 10'',8' 9.5'',8.0,8.25,8.5
Darius,Morris,PG-SG,6' 3.25'',6' 5.25'',190,6' 7.5'',8' 6'',5.3,8.75,10.0
Chandler,Parsons,SF,6' 8.75'',6' 9.75'',221.2,6' 9.5'',8' 8.5'',7.0,8.25,10.0
Jereme,Richmond,SF,6' 6'',6' 7.25'',207.2,6' 10.25'',8' 10.5'',5.5,8.75,9.5
Josh,Selby,SG-PG,6' 1.75'',6' 3'',194.6,6' 5.25'',8' 2'',7.9,8.5,9.0
Iman,Shumpert,PG-SG,6' 4.25'',6' 5.5'',221.8,6' 9.5'',8' 3.5'',6.5,9.0,9.0
Kyle,Singler,SF,6' 7.5'',6' 8.5'',228,6' 10.1'',8' 10'',10.0,8.25,8.75
Chris,Singleton,SF,6' 7.75'',6' 9'',230.2,7' 1'',8' 7.5'',7.4,9.25,10.0
Jamie,Skeen,PF,6' 6.5'',6' 8'',241.6,7' 1.25'',8' 10.5'',9.8,8.5,8.5
Gregory,Smith,PF-C,6' 8'',6' 9.25'',252.8,7' 2.5'',8' 10.5'',7.4,9.75,12.0
Nolan,Smith,PG,6' 1.5'',6' 3.5'',187.6,6' 5.5'',8' 3'',5.6,8.5,9.25
Malcolm,Thomas,PF,6' 7.5'',6' 8.75'',223,7' 0.5'',8' 11.5'',5.9,9.5,10.5
Isaiah,Thomas,PG,5' 8.75'',5' 10.25'',186,6' 1.75'',7' 7.5'',6.7,8.25,9.0
Trey,Thompkins,PF,6' 8.5'',6' 9.75'',239,7' 1'',8' 11.5'',15.5,9.25,9.75
Tristan,Thompson,PF,6' 7.5'',6' 8.75'',227.4,7' 1.25'',9' 0.5'',6.2,8.75,9.25
Klay,Thompson,SG,6' 5.75'',6' 7.25'',205.6,6' 9'',8' 7.5'',8.0,8.75,9.25
Jeremy,Tyler,PF-C,6' 9'',6' 10.5'',262.4,7' 5'',9' 2.5'',13.4,9.25,9.0
Nikola,Vucevic,PF-C,6' 10.25'',6' 11.75'',259.8,7' 4.5'',9' 4.5'',6.1,9.25,10.25
Kemba,Walker,PG,5' 11.5'',6' 1'',184,6' 3.5'',7' 7.5'',5.9,8.0,9.0
Derrick,Williams,PF-SF,6' 7.25'',6' 8.75'',248.4,7' 1.5'',9' 0'',10.8,9.0,9.75
Jordan,Williams,PF,6' 7.75'',6' 9'',247.2,7' 0.25'',8' 10.5'',12.1,9.25,10.0
Quincy,Acy,PF,6' 6.5'',6' 7.75'',223.8,7' 2.75'',8' 10.5'',7.1,9.5,11.0
Harrison,Barnes,SF-SG,6' 7'',6' 8'',227.8,6' 11.25'',8' 5.5'',9.6,9.0,8.5
Will,Barton,SG-SF,6' 5'',6' 6'',174.4,6' 9.75'',8' 6.5'',4.1,9.0,9.5
Bradley,Beal,SG,6' 3.25'',6' 4.75'',201.8,6' 8'',8' 4'',6.0,8.5,9.0
J'Covan,Brown,PG,6' 1'',6' 2.25'',202.4,6' 5.25'',8' 0'',12.5,7.75,8.25
William,Buford,SG-SF,6' 4'',6' 5'',214.6,6' 9.5'',8' 6'',11.3,8.75,10.0
Jae,Crowder,SF,6' 4.75'',6' 6.5'',241.2,6' 9.25'',8' 3.5'',9.0,9.5,10.5
Jared,Cunningham,SG-PG,6' 3.5'',6' 5'',187.6,6' 6.5'',8' 2'',3.6,8.25,9.0
Anthony,Davis,PF-C,6' 9.25'',6' 10.5'',221.8,7' 5.5'',9' 0'',7.9,9.0,8.5
Marcus,Denmon,SG,6' 2.25'',6' 3.25'',188.2,6' 5'',7' 10.5'',6.6,8.25,9.75
Andre,Drummond,C,6' 9.75'',6' 11.75'',278.6,7' 6.25'',9' 1.5'',7.5,9.5,9.5
Kim,English,SG,6' 4.5'',6' 5.75'',192,6' 6.5'',8' 2'',4.3,8.5,8.75
Festus,Ezeli,C-PF,6' 9.75'',6' 11.5'',264.2,7' 5.75'',9' 0'',5.5,9.0,10.75
Drew,Gordon,PF,6' 8'',6' 8.75'',239,6' 11.5'',8' 7.5'',9.1,8.5,9.75
Draymond,Green,PF-SF,6' 5.75'',6' 7.5'',235.6,7' 1.25'',8' 9'',11.3,9.0,9.5
JaMychal,Green,PF,6' 8'',6' 9'',217.4,7' 2.25'',8' 10.5'',9.8,9.25,9.25
Maurice,Harkless,SF,6' 7.25'',6' 8.75'',206.6,7' 0'',8' 6.5'',5.3,9.25,10.25
John,Henson,PF,6' 9'',6' 10.5'',216,7' 5'',9' 4'',8.6,9.25,10.0
Tu,Holloway,PG,5' 10.5'',5' 11.75'',186.8,6' 5.5'',7' 10.5'',8.5,8.75,10.0
Robbie,Hummel,SF,6' 7.25'',6' 8.5'',218,6' 8.5'',8' 6'',9.4,8.5,9.5
Bernard,James,PF,6' 8.75'',6' 10'',229.8,7' 3'',9' 0.5'',5.0,9.0,9.25
John,Jenkins,SG,6' 3.25'',6' 4.25'',212,6' 8.5'',8' 2'',7.1,9.0,9.0
Orlando,Johnson,SG,6' 3.75'',6' 5.25'',223.8,6' 11.25'',8' 3'',7.0,9.0,9.5
Darius,Johnson-Odom,SG,6' 1.5'',6' 3'',212,6' 7'',8' 0'',7.0,8.75,8.75
Terrence,Jones,PF-SF,6' 8.25'',6' 9.5'',252,7' 2.25'',8' 11'',7.7,9.0,10.0
Perry,Jones,PF-SF,6' 10.25'',6' 11.25'',233.8,7' 1.75'',8' 11'',4.6,9.25,9.5
Kevin,Jones,PF,6' 6.25'',6' 7.5'',251.2,7' 1.5'',8' 9'',11.2,9.0,7.75
Kris,Joseph,SG,6' 6'',6' 7'',215,6' 11'',8' 8'',8.6,9.0,9.0
Michael,Kidd-Gilchrist,SF,6' 5.75'',6' 7.5'',232.8,7' 0'',8' 8.5'',7.0,9.0,10.25
Jeremy,Lamb,SG,6' 4'',6' 5.25'',179.2,6' 11'',8' 6'',4.5,8.75,9.25
Doron,Lamb,SG-PG,6' 3.25'',6' 4.75'',199.4,6' 6.75'',8' 2.5'',6.7,8.5,8.75
Meyers,Leonard,C,6' 11.75'',7' 1.25'',249.8,7' 3'',9' 0'',5.7,9.25,11.0
Damian,Lillard,PG,6' 1.75'',6' 2.75'',188.8,6' 7.75'',7' 11.5'',5.9,8.75,9.75
Scott,Machado,PG,6' 1'',6' 2'',205.8,6' 4'',7' 10.5'',5.8,8.5,9.5
Kendall,Marshall,PG,6' 3.25'',6' 4.25'',198.4,6' 5.5'',8' 0'',7.8,8.5,9.0
Fab,Melo,C,6' 10.75'',7' 0'',255,7' 2.5'',9' 2'',9.2,9.0,10.0
Khris,Middleton,SF,6' 6.75'',6' 8.25'',216.2,6' 10.75'',8' 7'',7.8,9.0,9.0
Quincy,Miller,SF,6' 8.75'',6' 10'',218.7,7' 1.25'',8' 9'',7.8,9.25,10.25
Darius,Miller,SF-SG,6' 6'',6' 7.5'',233.4,6' 9'',8' 5'',7.5,8.5,8.75
Tony,Mitchell,SG,6' 5.25'',6' 6.25'',216.4,6' 10'',8' 4'',5.7,8.5,10.0
Arnett,Moultrie,PF,6' 9.5'',6' 10.75'',232.8,7' 2.25'',8' 10.5'',7.7,9.25,9.25
Kevin,Murphy,SG,6' 5'',6' 6.25'',194,6' 6.75'',8' 3'',5.8,8.5,8.5
Andrew,Nicholson,PF,6' 8.5'',6' 9.5'',234,7' 4'',8' 11'',7.6,10.0,10.75
Kyle,O'Quinn,PF,6' 8.5'',6' 10'',240.8,7' 4.75'',8' 10.5'',8.0,9.5,10.0
Miles,Plumlee,PF-C,6' 10.5'',6' 11.75'',252.4,7' 0.75'',8' 9.5'',11.4,9.25,9.0
Austin,Rivers,SG-PG,6' 3.5'',6' 5'',202.8,6' 7.25'',8' 0.5'',6.2,8.5,10.0
Thomas,Robinson,PF,6' 7.75'',6' 8.75'',244.2,7' 3.25'',8' 10'',5.0,9.75,10.5
Terrence,Ross,SG-SF,6' 6'',6' 7'',196.6,6' 7.25'',8' 4.5'',3.2,8.75,10.25
Tomas,Satoransky,PG-SG,6' 6.5'',6' 7.5'',200.6,6' 7.25'',8' 4'',5.2,8.5,9.5
Mike,Scott,PF,6' 7.25'',6' 8.75'',240.8,6' 10.75'',8' 8'',10.6,8.5,9.0
Henry,Sims,C-PF,6' 10'',6' 11.75'',241.2,7' 4'',9' 0'',7.7,9.25,10.0
Jared,Sullinger,PF,6' 7.75'',6' 9'',268.2,7' 1.25'',8' 9.5'',10.7,9.25,9.75
Jordan,Taylor,PG,6' 1'',6' 2'',192.8,6' 3'',7' 8.5'',5.5,8.25,9.5
Jeff,Taylor,SF-SG,6' 6'',6' 7.25'',212.8,6' 6.25'',8' 5.5'',4.2,8.25,9.75
Tyshawn,Taylor,PG,6' 2.75'',6' 4'',177,6' 6.25'',8' 1.5'',4.2,8.75,8.75
Marquis,Teague,PG,6' 1'',6' 2'',179.8,6' 7.25'',8' 0.5'',6.3,8.25,7.75
Hollis,Thompson,SF,6' 6.75'',6' 8'',206,6' 9.5'',8' 6.5'',6.0,8.25,9.75
Dion,Waiters,SG,6' 2.5'',6' 4'',221,6' 7.25'',8' 2'',8.5,8.5,9.5
Royce,White,PF,6' 7'',6' 8'',260.6,7' 0'',8' 8.5'',10.6,9.5,11.5
Tony,Wroten,PG,6' 4.75'',6' 6'',203.2,6' 9'',8' 5'',5.2,8.0,9.0
Tyler,Zeller,PF-C,6' 11.25'',7' 0.5'',247.4,7' 0'',8' 8.5'',6.4,9.0,9.75
Steven,Adams,C,6' 10.75'',7' 0'',254.5,7' 4.5'',9' 1.5'',6.65,9.5,11.0
Vander,Blue,SG,6' 3.5'',6' 5.25'',197.4,6' 6'',8' 4.5'',4.6,8.5,9.5
Lorenzo,Brown,PG,6' 4'',6' 5.25'',189.2,6' 7'',8' 4'',3.95,8.25,8.5
Reggie,Bullock,SG-SF,6' 5.75'',6' 7'',199.8,6' 8.75'',8' 6'',6.95,8.5,9.0
Trey,Burke,PG,5' 11.75'',6' 1.25'',187,6' 5.5'',8' 1.5'',6.9,8.25,8.75
Kentavious,Caldwell-Pope,SG,6' 4.5'',6' 5.5'',203.6,6' 8'',8' 4.5'',6.45,8.5,9.0
Isaiah,Canaan,PG,5' 11'',6' 0'',188.4,6' 4.5'',7' 10.5'',5.9,8.25,9.5
Jackie,Carmichael,PF,6' 7.5'',6' 9'',241.2,7' 1.5'',8' 11'',5.8,9.0,10.25
Michael,Carter-Williams,PG,6' 4.75'',6' 5.75'',184.4,6' 7.25'',8' 5'',4.4,7.5,8.5
Will,Clyburn,SF-SG,6' 5.75'',6' 7'',210.4,7' 0.25'',8' 9'',6.85,9.25,10.25
Robert,Covington,SF-PF,6' 6.25'',6' 7.5'',208.6,7' 1.75'',8' 10'',4.7,9.0,8.5
Allen,Crabbe,SG,6' 5.25'',6' 6.25'',197.4,6' 11.25'',8' 7.5'',4.65,8.25,8.5
Seth,Curry,SG,6' 1'',6' 3'',179.2,6' 4'',8' 1.5'',9.6,8.0,8.25
Brandon,Davies,PF,6' 8.5'',6' 10.25'',241.8,7' 1.5'',9' 0.5'',8.6,9.0,11.0
Dewayne,Dedmon,C,6' 10'',6' 11.5'',238.8,7' 4'',9' 1'',8.35,9.0,11.0
Gorgui,Dieng,C,6' 9.75'',6' 10.75'',229.6,7' 3.5'',9' 3.5'',5.35,9.0,10.0
James,Ennis,SF,6' 5.75'',6' 7'',200.8,6' 11.5'',8' 8.5'',4.5,8.5,8.75
Carrick,Felix,SF-SG,6' 4.75'',6' 6.25'',202.6,6' 9.25'',8' 7.5'',3.3,8.5,9.5
Jamaal,Franklin,SG-SF,6' 4'',6' 5.25'',190.8,6' 11.25'',8' 7.5'',8.25,8.5,8.25
Rudy,Gobert,C,7' 0.5'',7' 2'',237.6,7' 8.5'',9' 7'',4.4,9.75,10.0
Archie,Goodwin,SG,6' 3.75'',6' 5.25'',189,6' 9.5'',8' 6'',4.55,8.5,9.0
Erick,Green,PG,6' 1.5'',6' 3'',178.2,6' 5.75'',8' 2'',4.35,8.5,9.0
Tim,Hardaway Jr.,SG,6' 4.5'',6' 6.25'',199.4,6' 7'',8' 5'',6.05,8.0,9.25
Solomon,Hill,SF,6' 5.5'',6' 7'',226,6' 9'',8' 7'',7.6,9.0,10.5
Richard,Howell,PF,6' 6.25'',6' 7.5'',249.6,6' 10.25'',8' 9.5'',8.75,8.75,9.5
Colton,Iverson,C,6' 10.5'',7' 0'',262.8,7' 2'',9' 2'',9.6,9.25,9.5
Pierre,Jackson,PG,5' 9.5'',5' 10.5'',176,5' 10'',7' 6'',4.5,7.5,8.25
Grant,Jerrett,PF,6' 8.75'',6' 10.25'',232,7' 2'',9' 1'',10.05,8.5,9.25
Myck,Kabongo,PG,6' 1.25'',6' 2.75'',180.4,6' 6.25'',8' 2'',6.0,8.25,9.0
Kenny,Kadji,PF-C,6' 8.75'',6' 10'',241.6,7' 3'',8' 10.5'',7.45,9.0,10.25
Ryan,Kelly,PF,6' 9.75'',6' 11.75'',228,6' 11.5'',9' 2'',14.75,9.0,10.0
Shane,Larkin,PG,5' 10.25'',5' 11.5'',170.8,5' 10.75'',7' 5.5'',3.8,7.5,8.75
Ricky,Ledo,SG,6' 4.75'',6' 6'',197.2,6' 7.25'',8' 6.5'',10.25,8.5,9.25
Alex,Len,C,,,,7' 3.5'',,6.4,9.0,10.75
CJ,Leslie,PF-SF,6' 7.5'',6' 8.75'',209.2,7' 2.25'',8' 8.5'',7.95,8.75,9.0
Trevor,Mbakwe,PF,6' 6.75'',6' 8'',235.8,7' 4'',8' 10.5'',5.9,9.5,11.5
Ray,McCallum,PG,6' 0.25'',6' 1.75'',191.4,6' 3.25'',8' 0.5'',7.3,8.0,8.75
CJ,McCollum,PG-SG,6' 2.25'',6' 3.25'',197,6' 6.25'',8' 0.5'',8.6,8.0,9.5
Ben,McLemore,SG,6' 3.5'',6' 4.75'',189.2,6' 7.75'',8' 4.5'',5.0,8.75,9.5
Tony,Mitchell,PF-SF,6' 7.5'',6' 8.75'',236.4,7' 2.5'',8' 10.5'',5.55,9.0,10.0
Shabazz,Muhammad,SF-SG,6' 4.75'',6' 6.25'',221.8,6' 11'',8' 8.5'',9.0,9.0,10.0
Erik,Murphy,PF,6' 8.75'',6' 9.5'',239.8,6' 10.5'',9' 0'',7.95,8.75,9.75
Mike,Muscala,C-PF,6' 10.25'',6' 11.5'',230.2,7' 1'',9' 0'',6.8,8.5,9.0
Nerlens,Noel,C,6' 10'',6' 11.75'',206.4,7' 3.75'',9' 2'',4.15,9.5,10.0
Victor,Oladipo,SG,6' 3.25'',6' 4.25'',213.2,6' 9.25'',8' 4.5'',6.55,8.75,9.25
Kelly,Olynyk,PF-C,6' 10.75'',7' 0'',234,6' 9.75'',9' 0'',6.65,8.5,10.0
Brandon,Paul,SG,6' 2.75'',6' 4'',201,6' 10.25'',8' 2'',5.25,8.5,9.5
Norvel,Pelle,PF-C,6' 9.5'',6' 10.5'',207.2,7' 2.5'',9' 1'',5.15,8.75,9.5
Mason,Plumlee,C-PF,6' 11.25'',7' 0.5'',238.2,6' 11'',9' 0'',6.15,9.75,9.5
Otto,Porter,SF,6' 7.5'',6' 8.5'',197.6,7' 1.5'',8' 9.5'',6.65,8.75,9.25
Phil,Pressey,PG,5' 9.5'',5' 11.5'',177,6' 2.25'',7' 8'',4.7,7.75,9.75
Glen,Rice,SF-SG,6' 4.5'',6' 5.75'',210.8,6' 9.25'',8' 5.5'',8.45,8.5,9.0
Andre,Roberson,PF-SF,6' 6.25'',6' 7'',205.8,6' 11'',8' 8.5'',7.05,8.75,9.5
Dennis,Schroder,PG,6' 1'',6' 2'',164.8,6' 7.75'',8' 2'',4.1,8.75,10.5
Peyton,Siva,PG,5' 11.5'',6' 1'',180.6,6' 3'',7' 9'',6.05,8.0,9.75
Tony,Snell,SF-SG,6' 6'',6' 7.25'',198.2,6' 11.5'',8' 9.5'',4.85,9.0,9.5
James,Southerland,SF-PF,6' 7'',6' 8'',220.6,7' 1'',8' 10'',8.05,8.0,9.5
Deshaun,Thomas,SF,6' 5'',6' 7'',219.8,6' 10'',8' 8'',9.1,8.0,8.75
Adonis,Thomas,SF,6' 4.75'',6' 5.75'',231.8,7' 1'',8' 3'',7.5,9.25,9.5
Jeff,Withey,C,6' 10.75'',7' 0.5'',221.8,7' 2'',9' 2.5'',8.65,9.0,9.75
Nate,Wolters,PG,6' 3.5'',6' 4.75'',196.4,6' 3.75'',8' 2'',5.5,8.25,8.75
BJ,Young,SG-PG,6' 2.25'',6' 3.5'',178.8,6' 8.25'',8' 3'',4.7,8.5,9.5
Cody,Zeller,C-PF,6' 10.75'',7' 0.25'',230,6' 10.75'',8' 10'',4.75,8.5,10.5
Jordan,Adams,SG,6' 3.5'',6' 4.75'',208.8,6' 10'',8' 6'',10.8,8.5,7.5
Kyle,Anderson,SF,6' 7.5'',6' 8.5'',230.1,7' 2.75'',8' 11.5'',13.35,8.25,8.75
Thanasis,Antetokounmpo,SF,6' 5.25'',6' 6.25'',205.2,7' 0'',8' 8.5'',6.05,9.0,9.75
Jordan,Bachynski,PF,7' 1.25'',7' 2'',254.1,7' 4'',9' 0.5'',7.45,9.25,10.0
Cameron,Bairstow,PF,6' 8.75'',6' 9.75'',252.4,7' 0.75'',8' 11'',8.7,8.75,9.0
Khem,Birch,PF,6' 7.5'',6' 9.25'',208.8,7' 1'',8' 11'',6.0,9.0,8.5
Jabari,Brown,SG,6' 3'',6' 4.25'',201.9,6' 8.25'',8' 4'',6.05,9.0,9.25
Markel,Brown,SG,6' 2.5'',6' 3.5'',184.4,6' 8.75'',8' 4'',4.2,8.25,9.75
Alec,Brown,PF,7' 0.25'',7' 1.25'',231.2,7' 1.5'',9' 1'',7.7,9.25,8.75
Deonte,Burton,PG,6' 0'',6' 1.25'',192.8,6' 7'',8' 1.5'',7.65,8.25,8.0
Semaj,Christon,PG,6' 1.5'',6' 3.25'',186,6' 6.5'',8' 3'',5.25,8.5,8.25
Jordan,Clarkson,PG,6' 3.25'',6' 5'',186.3,6' 8'',8' 2'',4.3,8.25,9.0
Aaron,Craft,PG,6' 0.75'',6' 1.75'',191.6,6' 2'',7' 10.5'',6.1,7.75,8.5
DeAndre,Daniels,SF,6' 7.25'',6' 8.5'',196,7' 2'',8' 10.5'',3.85,9.25,10.5
Spencer,Dinwiddie,PG,6' 4.5'',6' 6'',204.9,6' 8.25'',8' 7'',5.35,8.25,9.0
Cleanthony,Early,SF,6' 6'',6' 7.25'',209.4,6' 10.75'',8' 5.5'',4.45,8.5,9.0
Melvin,Ejim,SF,6' 5.25'',6' 7'',218.5,6' 11.25'',8' 7.5'',6.45,8.75,9.25
Tyler,Ennis,PG,6' 1'',6' 2.5'',181.5,6' 7.25'',8' 2'',6.2,8.25,8.75
Dante,Exum,SG,6' 4.5'',6' 6'',196.3,6' 9.5'',8' 7'',6.4,8.5,9.5
C.J.,Fair,SF,6' 6.5'',6' 8'',218.1,6' 9.5'',8' 8'',5.05,9.0,9.0
Aaron,Gordon,PF,6' 7.5'',6' 8.75'',220.1,6' 11.75'',8' 9'',5.05,8.75,10.5
Jerami,Grant,SF,6' 6.5'',6' 7.75'',214,7' 2.75'',8' 11'',3.75,9.25,9.25
P.J.,Hairston,SG,6' 4.25'',6' 5.25'',228.8,6' 9'',8' 5'',8.2,8.75,9.75
Gary,Harris,SG,6' 2.5'',6' 4.5'',204.8,6' 6.75'',8' 0'',4.55,8.5,9.5
Joe,Harris,SG,6' 4.75'',6' 6.25'',215,6' 6'',8' 4'',6.2,8.5,9.75
Rodney,Hood,SF,6' 7.25'',6' 8.5'',208.2,6' 8.5'',8' 7'',7.45,8.5,8.5
Cory,Jefferson,PF,6' 7.75'',6' 9'',218.4,7' 0.5'',8' 9'',5.25,8.75,9.75
Nick,Johnson,SG,6' 1.5'',6' 3'',198,6' 7.25'',8' 0.5'',6.05,8.75,9.75
Sean,Kilpatrick,SG,6' 2.5'',6' 4.25'',218.7,6' 7'',8' 3'',9.2,9.0,9.0
Alex,Kirk,PF,6' 9.25'',6' 10.75'',252,7' 3.5'',9' 1.5'',13.6,9.25,10.5
Zach,LaVine,PG,6' 4.5'',6' 5.75'',180.9,6' 8.25'',8' 4'',4.7,8.25,8.75
Devyn,Marble,SG,6' 5'',6' 6.5'',192.4,6' 9'',8' 6'',6.9,8.25,8.5
James,McAdoo,PF,6' 7.5'',6' 8.75'',227.6,7' 2.25'',8' 10.5'',6.15,9.25,9.0
K.J.,McDaniels,SF,6' 4.5'',6' 6'',195.6,6' 11.25'',8' 6'',4.45,8.75,9.75
Doug,McDermott,SF,6' 6.25'',6' 7.75'',218,6' 9.25'',8' 7'',7.1,8.75,9.75
Jordan,McRae,SG,6' 3.75'',6' 5.25'',179.4,7' 0.5'',8' 8'',5.2,8.75,8.5
Shabazz,Napier,PG,5' 11'',6' 1'',175.2,6' 3.25'',7' 9'',7.35,8.25,8.5
Johnny,O?Bryant III,PF,6' 7.25'',6' 8.5'',256.8,7' 2.25'',8' 9'',10.75,9.25,9.5
Lamar,Patterson,SG,6' 4'',6' 5.25'',226,6' 11'',8' 5'',10.75,9.0,9.25
Adreian,Payne,PF,6' 9'',6' 9.75'',238.5,7' 4'',9' 1'',7.55,9.25,9.5
Elfrid,Payton,PG,6' 2.5'',6' 3.75'',185.4,6' 8'',8' 2.5'',5.65,8.75,9.0
Dwight,Powell,PF,6' 9.5'',6' 11'',234.4,7' 0.5'',8' 9'',6.2,9.0,9.25
Julius,Randle,PF,6' 7.75'',6' 9'',249.7,7' 0'',8' 9.5'',9.4,8.75,8.25
Glenn,Robinson III,SF,6' 5.5'',6' 6.75'',211.4,6' 10'',8' 4.5'',5.05,9.0,9.5
LaQuinton,Ross,SF,6' 6.5'',6' 7.5'',238.7,7' 1.75'',8' 10'',16.3,8.75,9.75
Marcus,Smart,PG,6' 2'',6' 3.25'',227.2,6' 9.25'',8' 3'',10.55,9.0,8.75
Russ,Smith,PG,5' 11.5'',6' 0.75'',160,6' 3.5'',7' 11'',3.5,8.25,8.5
Nik,Stauskas,SG,6' 5.25'',6' 6.5'',206.9,6' 7.75'',8' 6'',12.05,8.5,8.5
Jarnell,Stokes,PF,6' 7'',6' 8.5'',262.8,7' 1.25'',8' 7.5'',8.2,9.75,10.5
Xavier,Thames,PG,6' 2.25'',6' 3.5'',187,6' 4'',8' 0'',6.4,8.25,9.0
Noah,Vonleh,PF,6' 8'',6' 9.5'',247.1,7' 4.25'',9' 0'',7.3,9.75,11.75
T.J.,Warren,SF,6' 7'',6' 8.25'',220.2,6' 10.25'',8' 8'',7.95,8.75,9.0
C.J.,Wilcox,SG,6' 3.5'',6' 5'',201,6' 9.75'',8' 4.5'',6.5,8.75,9.0
Kendall,Williams,PG,6' 2.25'',6' 3.75'',183,6' 5.5'',8' 3'',7.2,8.0,7.75
James,Young,SG,6' 5.25'',6' 6.75'',213.3,7' 0'',8' 8'',5.1,9.0,9.5
Patric,Young,PF,6' 8.5'',6' 10'',246.8,7' 1.75'',8' 7.5'',5.45,9.25,9.5
Cliff,Alexander,PF-C,6' 7.25'',6' 8.5'',239.2,7' 3.5'',9' 1.5'',5.8,9.5,10.25
Justin,Anderson,SF-SG,6' 5.25'',6' 6.25'',230.6,6' 11.75'',8' 5'',5.0,8.5,9.5
Brandon,Ashley,PF,6' 7.25'',6' 8.5'',228,7' 3.75'',8' 9'',8.8,9.0,9.5
Ryan,Boatright,PG,5' 10'',5' 11'',169.6,6' 0.5'',7' 8.5'',6.6,7.5,8.75
Devin,Booker,SG,6' 4.5'',6' 5.75'',205.8,6' 8.25'',8' 6.5'',8.3,8.75,9.0
Anthony,Brown,SF-SG,6' 5.75'',6' 7.25'',211,6' 11'',8' 8.5'',6.1,8.5,9.0
Willie,Cauley-Stein,C,6' 11.25'',7' 0.5'',242.4,7' 3'',9' 3'',6.3,9.5,9.0
Rakeem,Christmas,PF-C,6' 8.25'',6' 9.75'',242.6,7' 5.25'',9' 2.5'',9.6,9.25,9.0
Pat,Connaughton,SG,6' 4'',6' 5.25'',215,6' 8'',8' 0'',10.2,8.5,9.25
Quinn,Cook,PG,6' 0.25'',6' 2'',179,6' 4'',8' 0.5'',6.7,7.5,8.75
Branden,Dawson,PF,6' 5.5'',6' 6.75'',230.2,6' 11'',8' 9'',5.8,9.0,8.75
Sam,Dekker,SF,6' 7.75'',6' 9'',218.6,6' 11.5'',8' 10'',7.5,8.5,9.25
Michael,Frazier II,SG,6' 3.75'',6' 4.25'',199.4,6' 8'',8' 5.5'',7.4,8.25,9.25
Treveon,Graham,SF,6' 4'',6' 5.75'',219.4,6' 10.5'',8' 7'',5.5,8.5,8.25
Jerian,Grant,PG,6' 3.25'',6' 4.25'',198,6' 7.5'',8' 4'',5.6,8.25,8.5
Olivier,Hanlan,PG-SG,6' 3.25'',6' 4.25'',185.8,6' 6'',8' 4'',4.3,8.0,8.75
Montrezl,Harrell,PF,6' 7'',6' 7.5'',253.4,7' 4.25'',9' 1'',11.9,9.0,9.75
Aaron,Harrison,SG,6' 4.5'',6' 6'',209.2,6' 8.25'',8' 4.5'',6.0,8.75,10.0
Andrew,Harrison,PG,6' 4.5'',6' 5.5'',213.2,6' 9'',8' 4'',5.9,8.25,9.25
Tyler,Harvey,SG,6' 2.75'',6' 4'',181.4,6' 5.5'',8' 2.5'',9.2,7.75,8.75
Corey,Hawkins,SG-PG,6' 0.75'',6' 1.75'',191.8,6' 8'',8' 3.5'',5.5,8.75,9.0
Rondae,Hollis-Jefferson,SF,6' 5.5'',6' 7'',210.8,7' 2'',8' 8'',5.0,8.75,9.75
Jonathan,Holmes,PF-SF,6' 8.25'',6' 9.25'',242.2,6' 11.5'',8' 11.5'',7.2,8.25,9.5
Richaun,Holmes,PF,6' 8.25'',6' 9.5'',242.8,7' 1.5'',9' 0'',8.8,8.5,8.5
R.J.,Hunter,SG,6' 4.5'',6' 6'',185,6' 10.5'',8' 8'',6.0,8.5,8.25
Vince,Hunter,PF,6' 6.75'',6' 7.5'',208.4,6' 11'',8' 8.5'',4.6,9.0,8.75
Dakari,Johnson,C,6' 11'',6' 11.75'',264.6,7' 2'',9' 4'',14.9,9.25,10.5
Stanley,Johnson,SF,6' 5'',6' 6.5'',241.8,6' 11.5'',8' 6'',7.5,9.0,9.0
Tyus,Jones,PG,6' 0.5'',6' 2'',184.6,6' 5'',8' 1'',6.5,8.25,8.75
Frank,Kaminsky,C-PF,6' 11.75'',7' 0.75'',231.2,6' 11'',9' 1.5'',9.4,8.5,9.5
Kevon,Looney,PF,6' 8'',6' 9.25'',222.4,7' 3.5'',9' 2'',11.9,9.5,9.25
Trey,Lyles,PF,6' 9'',6' 10.25'',241.2,7' 1.5'',9' 0'',12.1,9.25,10.25
Jarell,Martin,PF,6' 8'',6' 9.25'',238.6,6' 9'',8' 10.5'',10.1,8.25,9.5
TJ,McConnell,PG,6' 0.5'',6' 2'',187.8,6' 2'',8' 0.5'',7.3,7.5,7.0
Chris,McCullough,PF,6' 8.25'',6' 9'',199,7' 3.25'',9' 1'',6.2,8.75,8.75
Jordan,Mickey,PF,6' 7'',6' 8.25'',238,7' 3.25'',8' 10'',7.2,8.75,9.5
Larry,Nance,PF,6' 7.5'',6' 8.5'',226.6,7' 1.5'',9' 0'',6.4,9.0,9.75
Kelly,Oubre,SF-SG,6' 5.75'',6' 6.75'',202.8,7' 2.25'',8' 6.5'',5.7,9.0,8.75
Cameron,Payne,PG,6' 0.75'',6' 1.5'',182.8,6' 7.25'',8' 1.5'',6.3,8.5,8.25
Terran,Petteway,SG,6' 4.75'',6' 6'',209.2,6' 11.25'',8' 8.5'',4.9,8.25,8.25
Bobby,Portis,PF,6' 9.5'',6' 10.5'',246.2,7' 2'',9' 0.5'',8.9,9.5,9.25
Norman,Powell,SG,6' 3'',6' 4.25'',215.4,6' 10.75'',8' 6.5'',6.4,9.25,9.0
Michael,Qualls,SG-SF,6' 4'',6' 5'',201.4,7' 0.25'',8' 8.5'',4.0,9.0,10.25
Chasson,Randle,PG,6' 0.25'',6' 1.5'',178.8,6' 7'',8' 0.5'',4.5,8.5,9.5
Terry,Rozier,PG-SG,6' 0.5'',6' 2.25'',190.2,6' 8.25'',8' 2.5'',5.6,8.25,8.5
D?Angelo,Russell,PG-SG,6' 3.25'',6' 5'',193.4,6' 9.75'',8' 6'',8.3,8.75,9.75
Keifer,Sykes,PG,5' 10.5'',5' 11.75'',167.2,6' 2'',7' 9'',5.0,8.5,9.5
Marcus,Thornton,PG-SG,6' 1.75'',6' 2.75'',177.4,6' 7.75'',8' 1.5'',5.3,8.25,8.5
J.P.,Tokoto,SF-SG,6' 5.25'',6' 6.25'',195.8,6' 10'',8' 4.5'',4.1,8.0,8.75
Myles,Turner,C-PF,6' 9.75'',6' 11.5'',238.6,7' 4'',9' 4'',9.3,9.25,9.25
Robert,Upshaw,C,6' 10.75'',7' 0'',258.2,7' 5.5'',9' 5'',12.5,10.0,11.0
Rashad,Vaughn,SG,6' 3.75'',6' 5'',198.6,6' 7'',8' 5'',6.2,8.0,8.5
Chris,Walker,PF,6' 8.75'',6' 9.25'',208,7' 2.75'',9' 0'',5.1,9.0,9.0
Dez,Wells,SG,6' 3'',6' 4'',208.8,6' 9.5'',8' 4.5'',8.1,8.75,9.75
Alan,Williams,PF,6' 7.25'',6' 8.25'',261.4,7' 1.75'',8' 10.5'',12.0,8.5,9.5
Justise,Winslow,SF,6' 4.5'',6' 6.5'',221.8,6' 10.25'',8' 8.5'',5.3,8.5,9.25
Christian,Wood,PF,6' 9.25'',6' 10.5'',216,7' 3.25'',9' 3.5'',14.7,9.25,10.75
Delon,Wright,PG,6' 4.25'',6' 5.5'',181.4,6' 7.5'',8' 5.5'',6.6,8.0,8.5
Ron,Baker,SG,6' 3.25'',6' 4.25'',212.4,6' 9.75'',8' 1.5'',7.85,8.75,9.5
Wade,Baldwin IV,PG,6' 2.5'',6' 4'',201.8,6' 11.25'',8' 4'',5.2,9.0,9.75
Cat,Barber,PG,6' 1.5'',6' 2.75'',173,6' 5.5'',7' 11.5'',4.5,8.0,8.5
Malik,Beasley,SG,6' 3.5'',6' 4.5'',189.8,6' 7'',8' 4.5'',6.9,8.5,9.0
DeAndre,Bembry,SG-SF,6' 4.25'',6' 5.75'',206.6,6' 9.25'',8' 5'',7.0,8.0,9.25
Ben,Bentil,PF,6' 7.25'',6' 8.25'',229.2,7' 1.5'',8' 9'',9.7,9.5,10.0
Jaron,Blossomgame,SF,6' 6.25'',6' 7.25'',213.6,6' 10'',8' 6'',5.25,8.5,10.0
Joel,Bolomboy,PF,6' 7.5'',6' 9'',224.4,7' 1.75'',8' 7.5'',5.15,9.0,10.25
Malcolm,Brogdon,SG,6' 3.75'',6' 5.5'',223,6' 10.5'',8' 2'',5.4,9.0,10.25
Jaylen,Brown,SG-SF,6' 5.25'',6' 6.75'',222.8,6' 11.75'',8' 6.5'',5.05,8.75,9.0
Marquese,Chriss,PF,6' 8.75'',6' 10'',233,7' 0.25'',8' 9'',8.5,9.0,9.0
Elgin,Cook,SF,6' 5'',6' 6.25'',209.8,6' 10'',8' 4.5'',6.35,8.5,10.25
Isaiah,Cousins,PG,6' 3.25'',6' 4.5'',194,6' 6.25'',8' 2.5'',4.8,8.25,8.75
Deyonta,Davis,PF,6' 9.25'',6' 10.5'',237.2,7' 2.5'',9' 0.5'',9.7,9.0,9.25
Cheick,Diallo,PF,6' 7.5'',6' 9'',218.6,7' 4.5'',8' 11.5'',5.6,8.5,9.75
Kris,Dunn,PG,6' 3'',6' 4.25'',,6' 9.5'',8' 4'',,,
Henry,Ellenson,PF,6' 10'',6' 11.5'',242,7' 2.25'',9' 0'',11.2,8.5,9.75
Perry,Ellis,PF,6' 7'',6' 8.25'',217.8,6' 10.25'',8' 6'',4.6,8.0,8.5
Kay,Felder,PG,5' 8.25'',5' 9.5'',177.2,6' 2.5'',7' 4.5'',5.8,8.25,8.5
Dorian,Finney-Smith,SF,6' 6.5'',6' 7.75'',212.6,6' 11.75'',8' 9.5'',6.45,9.0,9.75
Michael,Gbinije,SG,6' 5.5'',6' 6.75'',204.6,6' 7.5'',8' 5'',5.4,8.0,9.0
Daniel,Hamilton,SG-SF,6' 6.25'',6' 8'',197,6' 9'',8' 7.5'',5.95,9.0,8.5
Josh,Hart,SG,6' 4'',6' 5.5'',203.6,6' 8.5'',8' 3.5'',5.75,8.5,9.25
Nigel,Hayes,SF-PF,6' 6.25'',6' 7.25'',245,7' 3'',8' 11.5'',10.9,8.5,9.5
Buddy,Hield,SG,6' 3.75'',6' 5'',212.4,6' 9.25'',8' 5'',6.1,8.5,9.0
Justin,Jackson,SF,6' 7'',6' 8.25'',193.4,6' 10.75'',8' 7.5'',7.6,8.75,8.75
Demetrius,Jackson,PG,6' 0'',6' 1.25'',193.8,6' 5.5'',7' 9'',6.5,8.25,9.0
Brice,Johnson,PF,6' 9'',6' 10.5'',208.6,7' 0.5'',8' 10.5'',7.5,9.0,8.25
Damian,Jones,C,6' 10.25'',6' 11.5'',243.6,7' 3.75'',8' 11'',6.55,8.75,10.5
Skal,Labissiere,PF-C,6' 10.5'',6' 11.75'',215.8,7' 2.5'',8' 9.5'',5.7,8.75,9.0
Jake,Layman,SF,6' 8'',6' 9.25'',208.6,6' 9.25'',8' 6'',7.1,8.25,9.25
Caris,LeVert,SG,6' 5.75'',6' 7'',191,6' 10'',8' 5'',7.55,8.5,9.25
Marcus,Lee,PF-C,6' 9'',6' 10.25'',211,7' 3'',8' 11.5'',5.35,9.0,9.0
Thon,Maker,PF,6' 11.75'',7' 0.75'',216,7' 3'',9' 2.5'',6.05,8.75,9.5
Patrick,McCaw,PG-SG,6' 5.25'',6' 6.75'',180.8,6' 10'',8' 4.5'',4.7,8.75,8.75
Malik,Newman,SG,6' 2.25'',6' 3.5'',182.2,6' 5.75'',8' 1.5'',5.6,8.25,9.25
Georges,Niang,PF,6' 6.75'',6' 8.5'',230.8,6' 10'',8' 7'',10.05,9.25,9.25
Chinanu,Onuaku,C,6' 9'',6' 10'',245.2,7' 2.75'',9' 0.5'',8.55,9.0,8.0
Marcus,Paige,PG,6' 0.5'',6' 1.75'',163.8,6' 6.25'',8' 1'',4.3,7.75,8.75
Gary,Payton II,PG,6' 2'',6' 3'',183.8,6' 8'',8' 3.5'',3.95,8.75,9.5
Jakob,Poeltl,C,7' 0.25'',7' 1'',239,7' 2.75'',9' 3.5'',5.8,9.25,10.25
Taurean,Prince,SF,6' 6.5'',6' 7.75'',220.2,6' 11.5'',8' 6'',6.45,9.0,8.5
Zhou,Qi,PF-C,7' 1.25'',7' 2.25'',218.2,7' 7.75'',9' 4.5'',4.85,9.25,9.5
Malachi,Richardson,SG-SF,6' 4.75'',6' 6.25'',199.6,7' 0'',8' 5.5'',7.0,8.75,10.0
Wayne,Selden,SG,6' 4.25'',6' 5.75'',232.4,6' 10.5'',8' 5'',7.3,9.0,9.25
Pascal,Siakam,PF,6' 8.25'',6' 9.5'',226.6,7' 3.25'',8' 11.5'',5.2,9.25,10.0
Diamond,Stone,C,6' 9'',6' 10.25'',254.4,7' 2.75'',9' 0.5'',12.85,8.5,7.75
Caleb,Swanigan,PF,6' 7.5'',6' 8.5'',246.6,7' 3.5'',8' 11'',12.55,9.0,10.25
Melo,Trimble,PG,6' 1.25'',6' 2.5'',191.8,6' 2'',7' 8.5'',8.35,8.0,8.75
Tyler,Ulis,PG,5' 8.75'',5' 10'',149.2,6' 2'',7' 4.5'',5.2,7.5,7.5
Jarrod,Uthoff,PF,6' 8.5'',6' 9.75'',214.4,6' 11.5'',8' 8'',6.0,8.75,9.0
Denzel,Valentine,SG-SF,6' 4'',6' 5.75'',210.4,6' 10.75'',8' 6'',9.2,8.5,9.75
Isaiah,Whitehead,PG-SG,6' 3.25'',6' 4.5'',210,6' 8.75'',8' 4'',9.25,8.5,8.75
Troy,Williams,SF,6' 5.75'',6' 6.75'',217.8,6' 8.25'',8' 6'',10.0,8.25,9.25
Kyle,Wiltjer,PF,6' 8.75'',6' 10'',242.8,7' 0.25'',8' 6.5'',15.25,8.25,9.5
Stephen,Zimmerman,C,6' 10.25'',6' 11.75'',234,7' 3.25'',9' 0.5'',11.15,9.0,9.0
Edrice,Adebayo,PF-C,6' 8.75'',6' 9.75'',242.6,7' 2.75'',9' 0'',5.2,9.5,8.75
Rawle,Alkins,SG-SF,6' 2.5'',6' 3.75'',222.6,6' 8.75'',8' 3'',11.0,8.75,10.0
Jarrett,Allen,C,6' 9'',6' 10.25'',233.6,7' 5.25'',9' 1.5'',7.4,9.5,10.5
Kadeem,Allen,PG,6' 1'',6' 2.25'',192.4,6' 9.25'',8' 3.5'',6.4,8.5,8.75
Ike,Anigbogu,C,6' 8.5'',6' 9.75'',252.2,7' 6.25'',9' 2.5'',5.4,9.5,10.0
OG,Anunoby,SF,6' 6.25'',6' 7.75'',232.4,7' 2.25'',8' 11.5'',6.8,9.25,9.5
Jamel,Artis,SG-SF,6' 5.5'',6' 6.75'',213.2,6' 10'',8' 9'',11.9,9.25,9.75
Dwayne,Bacon,SG-SF,6' 4.75'',6' 6.25'',221.6,6' 10'',8' 7.5'',7.9,8.75,10.0
V.J.,Beachem,SG-SF,6' 6.25'',6' 8'',193.4,6' 10.25'',8' 8.5'',6.8,8.5,9.0
Jordan,Bell,PF,6' 7'',6' 8.5'',223.6,6' 11.75'',8' 8.5'',5.4,9.25,9.5
Jaron,Blossomgame,SF,6' 5.75'',6' 6.75'',218.6,6' 10'',8' 8.5'',5.7,8.75,10.25
Chris,Boucher,PF,6' 8'',6' 9.5'',182.2,7' 4'',9' 2.5'',5.4,9.25,10.5
Tony,Bradley,C,6' 9.25'',6' 10.75'',248.8,7' 5'',9' 4.5'',12.0,9.5,9.5
Isaiah,Briscoe,PG,6' 1.25'',6' 2.75'',222.4,6' 9'',8' 3.5'',11.0,9.0,9.25
Dillon,Brooks,SG-SF,6' 5'',6' 6'',220.2,6' 6'',8' 4.5'',7.5,8.25,9.25
Thomas,Bryant,PF-C,6' 9.5'',6' 10.75'',247.8,7' 6'',9' 4.5'',9.4,9.5,10.25
John,Collins,PF,6' 8.25'',6' 9.5'',225.2,6' 11.25'',8' 10.5'',5.4,9.0,10.0
Zach,Collins,PF-C,6' 10.25'',7' 0'',232.2,7' 1'',9' 3'',8.9,8.75,9.25
Hamidou,Diallo,SG-SF,6' 3.75'',6' 5'',197.4,6' 11.25'',8' 5.5'',5.2,8.5,9.5
Tyler,Dorsey,SG,6' 3'',6' 4.5'',182.6,6' 5.25'',8' 3.5'',4.7,8.5,9.25
Damyean,Dotson,SG-SF,6' 4.5'',6' 5.5'',205.2,6' 9'',8' 4'',5.3,8.5,9.25
PJ,Dozier,SG,6' 5.25'',6' 6.75'',200.6,6' 11'',8' 5'',6.1,8.5,9.5
Jawun,Evans,PG,5' 10.75'',5' 11.5'',185.2,6' 5.5'',7' 11'',9.1,8.0,7.75
Terrance,Ferguson,SG-SF,6' 5.5'',6' 7'',184.4,6' 8.75'',8' 7'',5.8,8.5,10.0
De?Aaron,Fox,PG,6' 2'',6' 3.25'',169.6,6' 6.5'',8' 4'',4.5,8.5,8.5
Markelle,Fultz,PG,,,,,,,,
Harry,Giles,PF,6' 9.25'',6' 10.5'',232,7' 3.25'',9' 1.5'',5.2,9.5,10.75
Josh,Hart,SG-SF,6' 3.75'',6' 5'',209.2,6' 8.25'',8' 5'',5.8,8.5,9.5
Nigel,Hayes,PF,6' 6.25'',6' 7.5'',254.2,7' 3.25'',8' 8.5'',11.5,8.75,10.0
Isaiah,Hicks,PF,6' 7.25'',6' 8.5'',233.4,7' 0.5'',8' 9'',7.7,8.75,9.75
Wesley,Iwundu,SG-SF,6' 5.5'',6' 6.75'',193.4,7' 1'',8' 9.5'',4.0,8.75,9.5
Frank,Jackson,PG,6' 2'',6' 3.5'',201.6,6' 7.5'',8' 2'',6.7,8.25,9.0
Justin,Jackson (UMD),SF,6' 5.75'',6' 7'',219.4,7' 3.25'',8' 11'',7.1,9.0,9.5
Justin,Jackson (UNC),SF,6' 7'',6' 8.25'',200.8,6' 11'',8' 8.5'',8.1,8.75,9.25
Peter,Jok,SG-SF,6' 4.25'',6' 5.75'',202.4,6' 8'',8' 6'',11.0,8.25,9.5
Luke,Kennard,SG-SF,6' 4.5'',6' 5.5'',196.2,6' 5.25'',8' 2.5'',6.6,8.0,8.75
Kyle,Kuzma,SF-SG,6' 8'',6' 9.5'',222.6,7' 0.25'',8' 11.5'',9.4,8.5,9.5
TJ,Leaf,PF,6' 8.75'',6' 9.75'',222.2,6' 11'',8' 11'',6.8,8.5,9.5
Tyler,Lydon,PF,6' 8.25'',6' 9.5'',215,7' 0'',8' 11.5'',13.6,8.75,8.75
Frank,Mason III,PG,5' 11'',6' 0'',188.8,6' 3.25'',7' 10'',4.3,8.0,9.25
Kennedy,Meeks,C,6' 8.75'',6' 10.25'',276.6,7' 1'',8' 10'',11.5,8.75,8.75
Donovan,Mitchell,SG,6' 1.25'',6' 3'',211.4,6' 10'',8' 1'',5.9,8.5,9.5
Monte,Morris,PG,6' 1.25'',6' 2.5'',175.2,6' 4'',8' 0.5'',6.9,8.25,8.75
Johnathan,Motley,PF,6' 7.75'',6' 8.75'',238.2,7' 4'',9' 0'',,9.0,9.5
Svi,Mykhailiuk,SG-SF,6' 6.5'',6' 7.5'',219.6,6' 5'',8' 4'',11.4,8.0,9.25
Semi,Ojeleye,SF-SG,6' 5.25'',6' 6.75'',241.4,6' 9.75'',8' 6'',5.5,8.75,9.5
Cameron,Oliver,PF,6' 7'',6' 8.25'',238.6,7' 1.25'',8' 10.5'',7.7,9.5,10.25
Justin,Patton,C,6' 10'',6' 11.25'',229,7' 3'',9' 3.5'',7.8,8.75,9.75
Alec,Peters,PF,6' 7.25'',6' 8.75'',232,6' 10.75'',8' 9'',8.8,8.75,10.0
Ivan,Rabb,PF,6' 8.75'',6' 10'',219.6,7' 1.5'',9' 1'',6.8,8.75,9.0
Davon,Reed,SG-SF,6' 4.5'',6' 5.5'',206.2,7' 0'',8' 6'',6.5,9.25,9.5
Devin,Robinson,SF,6' 7'',6' 8.25'',189.6,7' 0.75'',8' 10'',3.2,9.25,10.25
Kobi,Simmons,PG,6' 3.25'',6' 4.5'',166.2,6' 6'',8' 3'',5.0,8.5,9.5
Edmond,Sumner,PG,6' 4'',6' 5.75'',176.4,6' 9'',8' 6.5'',8.3,8.25,9.0
Caleb,Swanigan,PF,6' 7.5'',6' 8.5'',245.6,7' 3'',9' 0'',,9.5,10.25
Sindarius,Thornwell,SG-SF,6' 3.5'',6' 4.75'',211.6,6' 10'',8' 7'',7.8,8.75,8.75
Melo,Trimble,PG,6' 1.25'',6' 2.5'',195.2,6' 2'',7' 11.5'',10.6,8.0,8.75
Moritz,Wagner,PF,6' 10'',6' 11.25'',231.2,7' 0'',9' 0'',6.7,8.75,10.75
Derrick,Walton Jr.,PG,5' 11'',6' 0.75'',188.6,6' 2.5'',7' 11'',5.8,8.0,8.5
Thomas,Welsh,PF-C,6' 11.5'',7' 0.5'',254,7' 0'',9' 1.5'',10.9,9.0,10.5
Derrick,White,PG,6' 3.25'',6' 4.5'',189.8,6' 7.5'',8' 5.5'',6.2,8.25,8.5
Nigel,Williams-Goss,PG,6' 1.5'',6' 3'',190.2,6' 7.25'',8' 3'',5.6,8.75,9.25
D.J.,Wilson,PF,6' 8.75'',6' 10.5'',234.4,7' 3'',9' 1.5'',6.4,9.25,10.25
Omer,Yurtseven,C,6' 10.5'',6' 11.75'',248.4,7' 1'',9' 0.5'',7.6,9.0,10.5
Rawle,Alkins,SG,6' 2.75'',6' 4.25'',217.4,6' 8.75'',8' 3'',8.9,8.5,10.0
Grayson,Allen,SG,6' 3'',6' 4.5'',198,6' 7.25'',8' 1'',5.55,8.25,10.0
Kostas,Antetokounmpo,PF,6' 9'',6' 10.5'',194.8,7' 2.25'',9' 2'',5.0,9.25,9.5
Udoka,Azubuike,C,6' 10'',7' 0.25'',273.8,7' 7'',9' 4.5'',7.95,9.5,10.0
Mohamed,Bamba,C,6' 11.25'',7' 0.75'',225.6,7' 10'',9' 7.5'',6.2,9.75,10.25
Jaylen,Barford,PG-SG,6' 1.25'',6' 2.25'',207.6,6' 3.5'',8' 0.5'',11.65,8.0,8.25
Keita,Bates-Diop,SG-SF,6' 7.25'',6' 8.5'',223.8,7' 3.25'',8' 10.5'',5.35,9.0,8.5
Tyus,Battle,SG,6' 5'',6' 6.75'',200.2,6' 9'',8' 6'',4.0,8.5,9.25
Brian,Bowen,SG-SF,6' 6.25'',6' 7.5'',202,6' 10.25'',8' 7.5'',7.6,9.0,10.0
Miles,Bridges,SF,6' 5.25'',6' 6.75'',220.4,6' 9.5'',8' 7.5'',5.9,9.0,9.75
Bruce,Brown,SG-PG,6' 3.5'',6' 5'',194.6,6' 9'',8' 2.5'',3.75,8.5,8.5
Troy,Brown,SF,6' 5.75'',6' 6.75'',208,6' 10.25'',8' 9'',7.05,9.0,9.75
Jalen,Brunson,PG,6' 1'',6' 2.25'',198.4,6' 4'',8' 0'',6.7,8.25,9.25
Tony,Carr,PG,6' 3'',6' 4.5'',198.8,6' 8.25'',8' 4'',6.5,8.5,9.75
Jevon,Carter,PG,6' 0.25'',6' 1.5'',196.2,6' 4.25'',7' 11'',4.15,9.25,8.5
Wendell,Carter,C-PF,6' 8.75'',6' 10'',251.4,7' 4.5'',9' 1'',7.85,8.5,9.0
Donte,DiVincenzo,SG,6' 3.5'',6' 4.5'',200.6,6' 6'',8' 1.5'',5.0,8.25,9.0
Hamidou,Diallo,SG,6' 4.25'',6' 6'',197,6' 11.5'',8' 7'',4.45,8.75,9.0
Trevon,Duval,PG,6' 1.5'',6' 2.5'',191,6' 8.25'',8' 1.5'',5.2,8.75,10.0
Carsen,Edwards,PG,5' 10.75'',6' 0'',195.6,6' 6.25'',7' 10.5'',6.3,8.5,9.25
Jacob,Evans,SG-SF,6' 4.25'',6' 5.5'',199.6,6' 9.25'',8' 6.5'',6.5,9.0,9.25
Keenan,Evans,PG,6' 1.5'',6' 3'',183.2,6' 5.25'',8' 2'',6.5,8.5,8.0
Bruno,Fernando,C,6' 8.75'',6' 9.75'',233.2,7' 4.25'',9' 1'',5.25,9.5,10.0
Melvin,Frazier,SF-SG,6' 4.5'',6' 6'',198.2,7' 1.75'',8' 9'',7.9,9.5,9.5
Shai,Gilgeous-Alexander,PG,6' 4.5'',6' 6'',180,6' 11.5'',8' 8'',3.0,9.0,9.0
Devonte,Graham,PG,6' 0.25'',6' 1.5'',186.4,6' 6.25'',8' 0'',4.8,8.5,9.5
Isaac,Haas,C,7' 1.25'',7' 2.75'',303,7' 5'',9' 3.5'',12.55,10.0,10.5
Devon,Hall,SG,6' 4.25'',6' 6'',206.4,6' 7.75'',8' 6'',8.45,8.5,10.0
Jaylen,Hands,PG,6' 1.5'',6' 2.75'',179,6' 5.5'',8' 2'',5.0,8.0,8.0
Kevin,Hervey,PF,6' 6.5'',6' 7.75'',211.6,7' 3.5'',8' 11'',5.15,9.25,10.25
Aaron,Holiday,PG,5' 11.75'',6' 0.75'',187,6' 7.5'',8' 1'',6.4,8.75,8.5
Kevin,Huerter,SG,6' 6.25'',6' 7.25'',194,6' 7.5'',8' 5.5'',8.6,8.25,8.5
Jaren,Jackson,PF-C,6' 9.75'',6' 11.25'',236,7' 5.25'',9' 2'',7.2,10.0,10.0
Justin,Jackson,PF,6' 6'',6' 6.75'',229.4,7' 3'',8' 9'',8.9,9.0,9.5
Alize,Johnson,PF,6' 7.25'',6' 8'',216.6,6' 8.75'',8' 7'',8.1,8.5,9.75
George,King,SF-SG,6' 4.75'',6' 6'',218.6,6' 11.5'',8' 5.5'',7.25,9.0,10.25
Kevin,Knox,SF,6' 7.75'',6' 9'',212.6,6' 11.75'',9' 0'',4.95,8.75,9.25
Sagaba,Konate,C,6' 6.5'',6' 7.5'',246,7' 0'',8' 10.5'',7.35,9.25,10.0
Caleb,Martin,SF-SG,6' 4.75'',6' 6'',195.8,6' 10'',8' 5.5'',7.0,8.5,8.75
Cody,Martin,SG-SF,6' 4.75'',6' 6'',188.6,6' 10.25'',8' 6.5'',5.45,8.5,9.0
Yante,Maten,PF-C,6' 7.25'',6' 8.5'',246.2,7' 0.5'',8' 11.5'',8.1,9.25,10.0
Brandon,McCoy,C,6' 11.5'',7' 0.5'',250.4,7' 2'',9' 2.5'',8.7,9.75,9.5
DeAnthony,Melton,SG-PG,6' 2.25'',6' 3.25'',193.2,6' 8.5'',8' 3.5'',5.2,8.5,9.5
Chimezie,Metu,PF-C,6' 8.5'',6' 9.5'',219.6,7' 0.5'',9' 0'',5.05,9.0,9.25
Shake,Milton,SG-PG,6' 4.5'',6' 5.5'',207.2,7' 0.75'',8' 3.5'',6.8,8.75,9.5
Sviatoslav,Mykhailiuk,SG-SF,6' 6.5'',6' 7.75'',211.6,6' 4.75'',8' 4'',8.45,8.25,9.5
Malik,Newman,SG,6' 2.5'',6' 3.25'',189.2,6' 5.5'',8' 2.5'',6.25,8.5,9.5
Josh,Okogie,SG,6' 3'',6' 4.5'',210.8,7' 0'',8' 6'',5.2,9.0,9.75
Theo,Pinson,SG-SF,6' 5'',6' 6.75'',211.2,6' 10.75'',8' 7.5'',7.35,9.0,9.0
Jontay,Porter,C-PF,6' 10'',6' 11.5'',236,7' 0.25'',9' 1'',13.85,8.75,9.5
Michael,Porter,SF-PF,6' 9.5'',6' 10.75'',211,7' 0.25'',9' 0.5'',6.4,8.75,9.25
Billy,Preston,PF,6' 8.75'',6' 10.5'',222.4,7' 2'',9' 0'',5.45,9.25,9.5
Jerome,Robinson,SG,6' 4'',6' 5'',188.4,6' 7.25'',8' 2'',6.05,9.0,10.0
Collin,Sexton,PG,6' 0.5'',6' 1.5'',183,6' 7.25'',8' 2.5'',5.6,8.25,8.5
Landry,Shamet,PG,6' 4'',6' 5.25'',188.6,6' 6.75'',8' 4'',4.85,8.0,9.0
Anfernee,Simons,SG-PG,6' 2.25'',6' 3.25'',183.2,6' 9.25'',8' 3.5'',7.7,8.75,9.0
Zhaire,Smith,SF-SG,6' 2.75'',6' 4'',198.6,6' 9.75'',8' 4'',6.05,8.75,8.25
Ray,Spalding,PF,6' 9'',6' 10.25'',215.4,7' 4.75'',9' 1'',5.55,9.25,9.0
Omari,Spellman,PF-C,6' 8'',6' 9.25'',253.8,7' 2'',8' 11.5'',13.75,9.0,9.0
Khyri,Thomas,SG,6' 2.5'',6' 3.75'',198.8,6' 10.5'',8' 5'',6.4,8.75,9.25
Gary,Trent,SG,6' 4.25'',6' 5.75'',204.2,6' 8.75'',8' 2'',7.0,8.5,9.5
Allonzo,Trier,SG,6' 3.75'',6' 5.25'',198,6' 6.75'',8' 2'',4.95,8.25,10.5
Moritz,Wagner,C-PF,6' 10.5'',6' 11.5'',241.4,7' 0'',9' 0'',6.75,9.0,10.75
Lonnie,Walker,SG,6' 3.75'',6' 4.5'',196.2,6' 10.25'',8' 3.5'',5.65,9.0,9.5
PJ,Washington,PF,6' 6.5'',6' 8'',223,7' 2.5'',8' 11'',6.85,9.0,10.25
Austin,Wiley,C,6' 8.25'',6' 10'',249.4,7' 5'',9' 3'',5.0,9.75,10.25
Kris,Wilkes,SF,6' 6.5'',6' 7.5'',205,6' 10.25'',8' 7.5'',5.15,8.75,9.25
Kenrich,Williams,SF,6' 6'',6' 7.5'',200.4,6' 7.25'',8' 7.5'',5.95,8.5,9.75
Trae,Young,PG,6' 0.5'',6' 1.75'',177.8,6' 3'',7' 11.5'',5.35,8.0,9.25
Nickeil,Alexander-Walker,SG,6' 4.25'',6' 5.5'',203.8,6' 9.5'',8' 6'',5.9,8.5,8.75
RJ,Barrett,SF,,,,,,,,
Charles,Bassey,C,6' 8.75'',6' 10'',239,7' 3.5'',9' 1.5'',8.5,9.25,9.5
Darius,Bazley,PF,6' 7.75'',6' 9'',208.4,7' 0'',8' 11'',3.6,9.0,9.75
Bol,Bol,C,7' 0.75'',7' 2.5'',208,7' 7'',9' 7.5'',7.1,9.25,9.5
Jordan,Bone,SG,6' 1.5'',6' 2.75'',179,6' 3.25'',7' 11'',5.0,7.5,9.25
Brian,Bowen II,SF,6' 6.25'',6' 7.5'',200,6' 10'',8' 7'',6.5,8.5,9.75
Ky,Bowman,PG,6' 1'',6' 2.25'',181.2,6' 7'',8' 2'',4.9,8.25,9.0
Ignas,Brazdeikis,SF,6' 5.75'',6' 7.25'',220.8,6' 9.25'',8' 6'',6.0,8.75,9.5
O'Shae,Brissett,SF-PF,6' 7'',6' 8'',203.2,7' 0'',8' 8'',2.9,9.0,9.5
Moses,Brown,C,7' 1.25'',7' 2.5'',237.2,7' 4.75'',9' 5'',7.8,9.5,10.25
Brandon,Clarke,SF,6' 7.25'',6' 8.25'',207.2,6' 8.25'',8' 6'',4.9,8.25,9.5
Nicolas,Claxton,C,6' 10'',6' 11.75'',216.6,7' 2.5'',9' 2'',4.5,9.25,9.5
Tyler,Cook,PF,6' 7.25'',6' 8.75'',245.4,7' 0.5'',8' 10.5'',6.1,9.5,10.75
Jarrett,Culver,SG,6' 5.25'',6' 6.75'',194.2,6' 9.5'',8' 4.5'',5.0,8.25,8.5
Terence,Davis,SG,6' 3'',6' 4.5'',192.4,6' 8.75'',8' 5'',4.1,9.25,10.75
Luguentz,Dort,PG,6' 2.75'',6' 4.25'',222.2,6' 8.5'',8' 3.5'',5.0,8.5,9.0
Devon,Dotson,PG,6' 0'',6' 2'',178.6,6' 3.25'',7' 11.5'',5.9,8.25,9.5
Carsen,Edwards,PG,5' 10.75'',6' 0.25'',199.4,6' 6'',7' 10.5'',5.5,8.75,9.0
Tacko,Fall,C,7' 5.25'',7' 7'',288.8,8' 2.25'',10' 2.5'',6.8,10.5,10.5
Bruno,Fernando,C,6' 8.75'',6' 10.25'',237,7' 3.25'',9' 2'',5.4,9.25,10.0
Daniel,Gafford,PF,6' 9.25'',6' 10.5'',237.6,7' 2.25'',9' 2'',5.9,9.25,9.25
Darius,Garland,PG,,,,,,,,
Quentin,Grimes,SG,6' 4'',6' 5.25'',209.6,6' 7.75'',8' 4.5'',8.4,8.25,10.0
Kyle,Guy,SG,6' 0.75'',6' 2.25'',167.8,6' 4.5'',7' 11.5'',5.7,8.0,8.75
Jaylen,Hands,PG,6' 1.5'',6' 3'',180.4,6' 5.5'',8' 1'',5.1,8.0,8.25
Jared,Harper,PG,5' 9.75'',5' 11'',169.2,6' 5.5'',7' 10'',3.9,8.25,9.5
Jaxson,Hayes,PF,6' 10.25'',6' 11.5'',218.6,7' 3.5'',9' 2.5'',5.0,9.25,10.5
Dewan,Hernandez,C,6' 9'',6' 10.25'',232.8,7' 1.75'',8' 11'',6.1,9.5,10.25
Tyler,Herro,SG,6' 4.5'',6' 6'',192.4,6' 3.25'',8' 4.5'',7.1,8.0,8.75
Jalen,Hoard,PF,6' 7.25'',6' 9'',212.6,7' 0.75'',8' 9.5'',6.7,8.75,9.75
Talen,Horton-Tucker,SG,6' 2.5'',6' 4'',235.4,7' 1.25'',8' 7'',8.4,9.5,9.75
De'Andre,Hunter,,,,,,,,,
DaQuan,Jeffries,SF-PF,6' 4'',6' 5'',215.6,6' 11.25'',8' 8'',3.9,9.5,10.25
Ty,Jerome,PG,6' 4.25'',6' 5.5'',194.4,6' 4'',8' 2'',6.5,8.25,9.5
Keldon,Johnson,SG,6' 4.75'',6' 6'',216.4,6' 9.25'',8' 8'',5.6,8.0,9.25
Cameron,Johnson,SG,6' 7'',6' 8.5'',205.2,6' 10'',8' 7'',5.8,8.0,8.5
Mfiondu,Kabengele,PF,6' 8.75'',6' 10.25'',256.2,7' 3'',9' 1.5'',5.1,9.25,10.75
Louis,King,SF,6' 6.75'',6' 8'',195.2,7' 0.25'',8' 8.5'',4.8,8.0,8.5
Romeo,Langford,SG,6' 4.5'',6' 6'',,6' 11'',8' 7'',,9.0,9.0
Dedric,Lawson,PF,6' 7'',6' 8.5'',233,7' 2.25'',8' 11.5'',8.9,9.75,9.75
Jalen,Lecque,PG,6' 2.5'',6' 4.25'',185.2,6' 8.5'',8' 2.5'',4.0,8.75,8.5
Nassir,Little,SF,6' 4.5'',6' 6'',224.2,7' 1.25'',8' 8.5'',5.9,8.75,10.0
Terance,Mann,SG-SF,6' 4.75'',6' 6.5'',204.6,6' 7.75'',8' 5'',4.0,9.5,9.25
Cody,Martin,PG-SG,6' 4.75'',6' 5.5'',192.2,6' 10.25'',8' 6.5'',5.0,8.25,9.0
Charles,Matthews,SG,6' 5'',6' 6.25'',194.8,6' 9.5'',8' 7'',3.8,8.5,8.75
Jalen,McDaniels,SF,6' 8.25'',6' 9.75'',191.6,7' 0.25'',8' 9.5'',5.7,9.0,10.0
Ja,Morant,PG,,,,,,,,
Zach,Norvell Jr.,SG,6' 4.5'',6' 5.5'',206.4,6' 6'',8' 5'',7.5,8.5,9.5
Jaylen,Nowell,SG,6' 3.25'',6' 4.25'',202.4,6' 7.25'',8' 2'',6.1,8.25,8.5
Jordan,Nwora,PF,6' 5.75'',6' 7.5'',220,6' 10.5'',8' 7'',7.8,8.5,9.25
Chuma,Okeke,,,,,,,,,
KZ,Okpala,SF,6' 7.25'',6' 9.5'',209.6,7' 1.75'',8' 10.5'',4.6,9.25,9.25
Miye,Oni,SG,6' 4.25'',6' 5.75'',205.6,6' 10.75'',8' 4.5'',4.9,9.0,10.0
Eric,Paschall,SF,6' 6'',6' 7.25'',254.4,6' 11.75'',8' 7.5'',6.3,9.0,9.5
Reggie,Perry,SF-PF,6' 8'',6' 9.25'',250.8,7' 0.5'',8' 10'',6.7,9.0,10.0
Shamorie,Ponds,PG,5' 11.5'',6' 0.5'',180,6' 3.5'',8' 0.5'',9.8,7.75,8.0
Jordan,Poole,SG,6' 3.5'',6' 5.5'',190.8,6' 6.75'',8' 3.5'',7.5,8.25,8.5
Jontay,Porter,PF,6' 9.75'',6' 11'',210.4,7' 0'',9' 1.5'',8.5,8.75,9.5
Kevin,Porter Jr.,SG,6' 4'',6' 5.5'',212.6,6' 9'',8' 7'',5.1,8.75,8.75
Neemias,Queta,C,6' 10.75'',7' 0.25'',225.8,7' 4.25'',9' 3.5'',6.3,9.5,11.0
Cameron,Reddish,SF,6' 6.5'',6' 8'',207.8,7' 0.5'',8' 9.5'',4.7,9.0,9.0
Naz,Reid,PF,6' 8.75'',6' 9.5'',255.8,7' 3.25'',9' 1'',14.0,9.5,9.25
Isaiah,Roby,PF,6' 7.25'',6' 8.5'',214,7' 1'',8' 10'',3.9,9.0,10.5
Luka,Samanic,PF,6' 9.5'',6' 11'',227.2,6' 10.5'',8' 11'',5.6,8.5,9.0
Admiral,Schofield,SF,6' 4'',6' 5.25'',240.6,6' 9.75'',8' 6.5'',6.8,8.75,9.0
Marial,Shayok,SF-PF,6' 4.5'',6' 5.5'',196.8,7' 0.25'',8' 7.5'',4.7,8.75,9.25
Simisola,Shittu,PF,6' 8.5'',6' 9.5'',227.2,7' 1.25'',8' 10'',6.2,8.75,8.5
Killian,Tillie,,,,,,,,,
P.J.,Washington,PF,6' 6.5'',6' 8'',230.4,7' 2.25'',8' 10.5'',8.6,9.0,10.25
Tremont,Waters,PG,5' 9.5'',5' 10.75'',172.4,6' 2.25'',7' 9.5'',6.6,8.0,9.75
Quinndary,Weatherspoon,SG,6' 3'',6' 4.25'',206.6,6' 9'',8' 4'',6.1,8.5,9.0
Coby,White,PG,6' 3.5'',6' 4.75'',191.4,6' 5'',8' 1.5'',4.3,7.75,9.0
Kris,Wilkes,SF,6' 6.25'',6' 7.75'',208.8,6' 10.75'',8' 7'',4.9,8.5,9.5
Grant,Williams,PF,6' 5.75'',6' 7.5'',240.2,6' 9.75'',8' 8.5'',5.4,9.0,10.5
Zion,Williamson,PF,,,,,,,,
Dylan,Windler,SF,6' 6.25'',6' 7.5'',195.8,6' 10'',8' 8.5'',4.6,8.25,9.5
